"covs1","covs2","covs3","covs4","covs5","ysoma","seg.id"
1.49286856175552,0.962379705924629,-0.226536972648246,-0.280208128582099,-4.9032265110422,NA,1
1.15742478515679,0.240310590175747,0.806789543645464,0.900000393170953,-2.68511616250939,NA,1
1.19650099287743,-0.195354276360798,0.270299173930931,1.43627382950318,-2.20787974937279,NA,1
0.560416954673575,0.241692666220256,0.599766643801297,1.52325262514232,-2.07648653428046,NA,1
1.17015143100133,0.249870449895297,0.162257944860192,1.14695631968573,-1.50933866273028,NA,1
1.33903595631785,0.680048500413468,-0.38921782424194,0.669300199390575,-1.75175750810548,NA,1
1.42368365838738,0.485758847928862,0.294906245345388,1.30833145199678,-1.37701302474749,NA,1
1.23899260693074,0.594025873128585,0.970280196132396,0.706141045380254,-0.996229486422835,NA,1
1.49274950373764,1.12383384861792,0.649380413324856,1.03633178847176,-1.2950541895816,NA,1
0.697485965712887,1.47540250323894,0.236735876582378,0.731682093334266,-0.607625623092191,NA,1
0.842202024181603,1.13333734187934,0.0961197474452229,0.507002122325652,-0.534656538402487,NA,1
0.733502536157488,1.25766259505551,-0.107979104138608,0.562126979454755,-0.791150782157559,NA,1
0.339518246341155,0.875959737722256,0.0552133647513716,0.029394564710475,-0.258497929495281,NA,1
0.567433537072275,0.702967363358321,0.611170282359897,-0.335266283282511,0.549802282620838,NA,1
1.1340163751086,0.445939652232884,1.58413120230259,-0.0340451414172924,0.94423838951566,NA,1
0.396845313205478,0.176913982599331,2.18615364407502,0.133650846866478,0.720640325161747,NA,1
1.56024108037664,0.354962587817117,2.13763562738048,0.690401807837258,0.370154703744402,NA,1
1.30807358046653,0.54189711529723,2.38214829471781,0.923426005194437,0.837709799235816,NA,1
1.43607310437078,1.35518466212487,1.27745110903058,0.301094160275777,0.459127424131645,NA,1
1.10510145862304,0.793664641342977,1.46637063339564,0.394796056148827,0.745867536506413,NA,1
1.01853494008647,0.803227438889354,1.23425502086767,0.260913176406132,0.588898253223238,211.655440522724,1
0.119075530663294,1.03493711602271,1.98443767075299,0.441963727502558,-0.30174222282661,NA,2
0.713456743800643,0.7352965546394,1.61624967564768,-0.400869933217641,-0.81726178807747,NA,2
0.0228327962389052,1.09437529121227,1.8792156137877,-0.26861950354998,-1.33958082078776,NA,2
-0.921311223987547,1.29870063789666,1.88612095797668,-0.532095674972348,-1.29766237888065,NA,2
-1.02607061223057,1.63967043709527,1.69988397384978,-0.191565329013007,-0.271392160052583,NA,2
0.0473371401720798,1.17741215950038,0.470383233591178,-0.843169140826297,0.0606674832999917,NA,2
-0.178539752495543,1.96912167713804,0.983109954130364,-0.959506182296639,-0.28717234870783,8.65307336372938,2
0.0905488051169493,1.49481372264121,1.61240336044326,-0.572620977888916,-0.622725395548332,NA,3
-0.283071771867678,1.12495655193759,2.08345164796508,-0.0754306465006608,-0.911649425231228,NA,3
-0.454801652075492,0.629469075936986,1.31052724008467,0.0423231258834528,-1.31996504364736,NA,3
-0.863219468892785,0.690503995016763,0.992063337804879,0.279936047211648,-1.63618411390501,NA,3
-1.11361231603374,0.450585306477235,1.04744972004317,-0.12876079031783,-0.720223698324717,NA,3
-1.75855720280497,-0.174959370174957,0.401582401056173,-0.00592481345692702,-0.923555122126865,NA,3
-1.81632858226828,-0.334149317579773,-0.0647872563299814,-0.743352428832705,-1.30039913577654,NA,3
-1.64198186571759,-0.866247418411954,-0.827021797659567,-0.302413838912961,-0.768142208986863,5.0822385049646,3
-1.5359327487466,-0.802949663658321,-0.945582755630413,0.323123305033608,-1.18205992833992,NA,4
-0.870661783508199,0.104583229245613,-0.941043709122473,0.564355367679661,-0.905567218563942,0.418014825363663,4
-0.530260366642648,-0.45500737759595,-0.995103759549319,0.342996119323374,-0.254025671154589,0.628946182557187,5
-0.318412141799225,-1.0287635414918,-1.60519876049902,0.238520538404759,-0.079364705424425,NA,6
-0.234399783185853,-1.97188494583701,-1.55869501861023,0.857643396883453,0.727888396166817,NA,6
-0.0746649139991057,-1.90715967369696,-1.55420309134538,0.392566475151081,1.27789280260691,NA,6
0.865875957836903,-1.41874918929421,-1.06380675152261,0.450893121078244,1.41570914940464,NA,6
1.36974076397411,-1.18150984159731,-0.92411813144662,0.772683064922502,1.077459958896,1.01838865082959,6
0.600004066148878,-1.37305219054143,-1.16810303427071,0.491626994693507,0.816932963855481,NA,7
0.365183614125001,-1.09166444005982,-1.04833708059798,0.675309834737348,1.10364375806017,NA,7
-0.558487204674952,-0.961503796394626,-0.527348858387627,-0.255626830040397,0.938705927432433,NA,7
-0.472588817918804,-0.796264886496718,-0.726499254421457,-0.529490477195203,0.920388431651554,NA,7
-0.481100815371628,-0.68629445529697,-1.01644694928452,-0.883662082077218,1.16272974508511,NA,7
-0.445362999678733,-1.37765048851555,0.149885648469291,-1.22733559413925,0.406124709702316,NA,7
0.0857419498846389,-1.77657903012112,0.919007480048423,-1.00781749188593,0.0922590751520928,NA,7
0.501269828990296,-1.70853799215485,0.528664606494382,-0.561913067837614,0.189685030134448,NA,7
-0.443788945181176,-1.87202123145641,0.138196209523821,-0.814453257026173,-0.107744565731422,NA,7
-0.220790151665369,-1.60789346359559,0.161208109180609,-0.341114200574695,0.124509903803222,NA,7
-0.863179612613231,-1.05411488168176,-0.853511742072207,-0.697923060592331,-0.0362044036550943,NA,7
-0.451725878782421,-0.495211556474136,0.0970055221673539,-0.0316553199495027,1.11077552893043,NA,7
0.450200644661127,-0.182222152795738,0.717990462465153,-0.726506797386122,0.537666087509287,NA,7
0.656644978443976,-0.0742608487115461,0.0339186348801096,-0.179377614870785,0.600473415572205,NA,7
0.276346622781588,0.32951940149364,-0.183839458656808,0.243270680747151,0.412818347229052,NA,7
-0.244702372863526,0.259996680144854,0.0784467384089556,-0.117859018296854,0.287376914054037,NA,7
-1.0814934452817,0.724039692391802,0.640497956449094,0.516182696564247,0.654317125829407,NA,7
-0.335574154106094,1.60762251881634,0.506771909774186,0.510890775497509,0.258635740356236,NA,7
-1.35663582334868,1.85328411277734,0.684564035073033,0.644612732843844,0.00518314901955157,NA,7
-1.16682479369368,1.45055528779091,1.09787912813303,1.17061683409376,0.335455306718481,NA,7
-1.37307468370728,1.87324091396445,1.37247166246248,0.788865941796006,0.823612381401407,NA,7
-1.77081924011055,2.32004249053976,1.17567491218459,1.13281289867945,0.230529512054061,NA,7
-1.5704351779474,2.06929082518183,0.561580662104733,1.08953974515622,0.404436316288576,NA,7
-0.776842191647267,1.86600978558309,1.0060005659608,0.745676852711139,0.452226422206529,NA,7
-0.631025993994138,1.86359204600946,0.528559694198507,1.09512171256475,0.567880301696998,NA,7
-0.741910181773218,2.0332732611943,0.636457186912459,1.64359796484786,1.02485981193158,NA,7
-0.390640686284116,1.86120188470988,0.493214284065302,1.11182767570031,0.282523071205753,NA,7
0.0121489624722479,1.59984934016841,0.889469578954715,0.922721768071409,0.209854335403145,NA,7
-0.146545151869558,1.66954004550164,0.805698325389221,1.76399648951016,0.67090914046685,NA,7
-0.0942184853647753,1.31882675735415,0.501955795007127,1.40747490494863,0.689153785321407,NA,7
-0.315293589095877,1.0869805472791,1.42119390376011,1.86970862367962,0.751278743703179,NA,7
-0.324307154796468,1.61286329765572,1.79970385803745,1.49074211571027,1.36344468165996,NA,7
0.0789923233205033,1.65057977023861,2.28686464803078,1.00201214791124,1.65831388995683,NA,7
-0.543550539954745,1.19839657042595,2.37134778160916,1.0919355032757,2.22159965861628,NA,7
-0.977739892975963,1.29342702325291,2.15032956368029,0.915813210942176,1.93722482962968,NA,7
-1.59613907057729,0.665596221409709,1.80014675843432,0.462859987484067,1.3317788905819,NA,7
-1.09057511914467,1.08665606542618,1.3920410463204,-0.0236418554687145,1.22356052920252,NA,7
-1.69412748529019,0.567238806345163,1.63639207228165,0.210640576251722,1.04596256842492,NA,7
-1.06106744522997,-0.612160026021439,1.82641850303373,1.43227293139437,0.319410332258657,895.215119332784,7
-0.920639909292967,-1.34356441650681,1.04689371581364,1.76521019117085,0.394038238848799,NA,8
-0.35831280356544,-2.05225975712263,0.707435355220622,1.10723327115721,0.549003886869588,NA,8
0.671219017288854,-2.34322463141361,0.838086676448538,0.767420432191425,1.12684751287045,NA,8
-0.136695305456442,-1.88449380929935,0.476166295428053,0.563745444802042,0.325180102864054,NA,8
0.164569199285552,-1.72450155210507,0.802615952453434,0.163213811526833,0.381514449887691,NA,8
0.320732073238692,-1.29224121612168,0.800936225404343,-0.0267729828681828,1.20700700373351,NA,8
0.543777216768697,-0.984643611137533,1.13946138370556,0.280744545673868,1.35980843356672,NA,8
0.416911983469969,-1.22782679291406,1.22790970905882,0.281202792954112,0.661645754341179,NA,8
-0.311869128592011,-1.33083625964964,0.00458956489014171,-0.125323238237884,0.524386816383165,NA,8
-1.16074176072669,-1.2422535708456,-0.401645798121072,0.448877995391808,0.372841184784042,NA,8
-0.71646633022835,-0.893090276781433,-0.470425307105699,0.306182373047093,1.17316709694467,NA,8
-0.138142823875749,-0.748379433326079,-0.432122240061757,1.1490919693827,0.992647083876921,NA,8
0.579127876697419,-1.46100994899149,0.191490169471342,1.32603122879132,0.190377319452376,NA,8
1.2503818209978,-1.09365301446032,0.76974728779331,0.461776257692301,0.733145101789556,NA,8
0.440353190709899,-0.61334469907156,0.581938621571607,0.699398546424766,1.35679307882092,NA,8
0.485578258126336,-0.216412033516929,0.815665191680454,0.60809043291191,0.679863198515561,NA,8
0.947628563983124,-0.0969881974209038,1.25113425649571,0.246073258593825,1.17994537835314,NA,8
1.34407575411985,-0.448641320664057,1.7208817273037,0.376369898142555,1.11298150100993,NA,8
0.973033063300906,-0.706246310992134,1.68505649553436,0.472323037126533,0.682325288521259,NA,8
0.9549345561041,-0.234871841670541,1.27513515909295,0.653290003343256,1.36890857122616,39.0008905008343,8
1.21324726259964,0.358683965538593,2.1634758874739,0.462865346992813,0.908075309050723,12.1957063523952,9
1.71111493969377,0.351393568018008,1.44030718592276,-0.040195153570681,1.28386489275655,NA,10
2.31882053170307,0.695265316400367,1.48169173988076,-0.0720582722750246,1.08802797373686,NA,10
1.58455606708267,0.0679596511697499,1.26305250209114,0.327153040744937,0.895904882007612,NA,10
1.30539378194501,-0.363086327771683,1.45394347263725,-0.519402550750721,0.845219577291134,NA,10
0.477585963553658,-0.101117551115135,0.937914918677909,-0.320361307580065,0.0176112145918751,32.5587704530566,10
0.73473160612558,-0.25269226682076,0.636495043391388,0.180652772537512,-0.0836275456697347,2.91981793668295e-07,11
0.98628531751919,-0.921143766377827,0.497065056764198,0.779173490809166,0.0532349913858694,NA,12
1.59345570875627,-0.540796859844052,0.227182776326038,0.702754385306512,0.468324758470193,NA,12
1.89183829381784,-0.222956470030104,0.245116006575126,0.961194618783113,0.642000133147302,NA,12
1.87351057886906,-0.187557443598127,0.674908714630192,0.645296935448017,0.988500883677899,NA,12
1.42351382651184,0.173789560215852,0.522444832722811,0.585439294921962,1.00140140031282,NA,12
1.30844270432243,0.876301322757539,0.512545710351997,0.453839643913659,0.37824795552321,NA,12
1.2329839898389,1.0239578687835,0.470658600822777,0.59757642978664,0.415167351266172,NA,12
0.773804141899962,0.563022551286183,0.725253712312635,0.481217256123249,0.414309062565526,NA,12
0.304198647260588,0.612357161069273,0.661517590614266,-0.169338467218543,0.495860344378032,NA,12
0.286370709402651,0.764858153999352,1.05023567816906,0.269920739729875,0.743536865562038,30.1278220652245,12
0.697567249191021,0.952385193939457,1.56541559247607,0.554320221961406,0.810067794662042,NA,13
0.173934208548867,1.37857837210392,2.20376639669847,0.941639070875231,0.523377834084761,NA,13
0.126008029906293,0.771149542023009,2.07746415223202,0.832717816793414,0.535902184561028,NA,13
-0.688487769298758,-0.0706008679182558,2.17052954796027,0.730146513453278,0.434015717213781,NA,13
-0.556417467024685,0.0857487935159697,2.07948484924843,0.862359181169142,1.29737670055808,NA,13
-0.112498161458884,0.452718605925305,2.26092244408625,1.24720941497388,1.08110674923424,NA,13
-0.385359604039114,0.800477451992848,1.38788851391605,1.22120004260559,1.11481287196078,NA,13
-0.103882043154708,0.702381167758262,1.01300306419813,0.928107529878028,1.05940073000407,128.289118808035,13
-0.424812170708151,1.43567303622249,1.276069963791,0.908103195971954,0.0837609637392846,NA,14
0.362952862351444,1.11914842680069,0.465487699590239,0.421558279625057,-0.287489102371768,NA,14
1.24717836221177,0.247469364814372,-0.318901526919096,0.381951882665523,0.0424599728611094,NA,14
1.0516663266605,-0.286352533217026,-0.933365299339282,0.280634165571981,0.416799408531384,NA,14
1.00822535814141,-0.127283030442175,-1.26790511390862,-0.0204836920134939,-0.232051852259445,NA,14
0.698373051680891,-0.160086082622319,-0.774807792713124,0.275342297105767,-0.593775284554201,NA,14
1.75248236167084,-0.104379312718519,-0.602447630442332,0.679822877185503,0.442828576136898,NA,14
1.35992376038418,-0.418083090578698,-0.753445503187484,0.303552290695694,0.348516325344067,NA,14
0.929600281046743,-0.106614450302875,-0.878299959762291,0.84301569645471,0.663717965438238,NA,14
0.533035697209519,-0.00468659954510413,-2.26166338048793,0.901539177585636,0.180704776426686,NA,14
0.211386015250529,0.065449100331322,-2.8157288888843,0.747797302271164,0.770853143602776,NA,14
-0.787081895277814,0.062948879919493,-1.75320567420096,0.871947853338895,0.124624310183632,104.550209271453,14
-0.170423194154965,-0.078708053281975,-1.61291493880216,2.01559495248322,-0.459669127351189,NA,15
0.0930509784490598,0.319365867103868,-2.11183812849181,1.93455120403129,-0.631690560868643,NA,15
-0.0950484055768005,0.0987813530603412,-1.35746060124681,1.33068291403869,-0.452778859659904,NA,15
0.285229704699539,-0.28757501969087,-1.25912664219184,1.32123872772361,-0.469633033740493,NA,15
0.275487924526137,-0.433507150923169,-0.899331963567797,2.19246406363944,0.235134295026369,NA,15
-0.0553243682385384,-1.11688214190399,-0.619184271810779,1.6808339314508,-0.0436255076029398,NA,15
0.255116792674631,0.732741512924747,-0.450977700474441,1.0879161767855,-0.272340591678425,NA,15
-0.0347878499625394,0.406111541215247,-0.434145141715242,1.38647226532213,0.228337910442366,NA,15
-0.30498636479472,-0.00712835971915565,-0.227496831314513,1.48223819186372,-0.0226139401321199,NA,15
0.0518431222498035,-0.58816893900957,-0.104454126672004,0.882115471555767,0.58419429920709,NA,15
0.540656513160255,-0.37905577433533,-0.452738453914219,0.277728487467908,0.387089986364154,NA,15
0.128084050972789,0.374718387613368,-1.21983476067694,1.00071994673489,1.29580173283934,NA,15
0.224371003677281,0.591737863225965,-0.618718987251139,2.0164376225593,1.49924378731898,NA,15
-0.10047232751677,0.255864449481813,-0.486204068403661,1.56766073197225,1.35884710805906,NA,15
0.297334677601034,0.545241994229138,0.150109059793061,1.2565846422801,0.466226320264281,NA,15
-0.288249702014705,0.837148400673067,-0.0442097341733846,2.03096214777377,0.267375766709121,NA,15
0.330220681525884,1.26611996589112,-0.718592884683804,1.47724077123815,1.19254682792515,NA,15
-0.00375953529852763,0.5817056160935,-0.346932908026282,2.35718366904494,0.364523233238212,NA,15
-0.229000827206846,0.838711871870136,0.206363048279518,1.95113485423843,0.798457780361693,NA,15
-0.384240432066147,1.46736046852608,0.0711876581988811,1.34926868601338,0.841090537085256,NA,15
-0.750229806267187,1.33692235172077,0.576014394859068,1.331149072033,0.40799043382312,NA,15
-1.02657518726014,0.75718118379611,0.503427124450366,1.48136766706363,0.423238322179548,NA,15
-0.8316071922196,0.349454137100194,0.349896935602726,1.53492375905705,-0.143027014684566,NA,15
-0.794348714186189,-0.228185829130692,0.185745063131778,1.19375103926359,0.103979958230943,NA,15
-1.05690731078268,0.289916374605,0.0264822349495152,0.75896404936745,-0.492902109356385,NA,15
-0.538491386437584,0.54296989611381,-0.238157952035214,0.770114323826948,-0.2382008141982,NA,15
-0.170197740740983,0.0652156983591339,0.105781265526095,0.698319309177547,0.231060059369087,NA,15
-1.1950915236843,0.0861935291227896,-0.202595083619298,0.593306381316295,-0.162004095341009,NA,15
-0.311178094043179,-0.100943844511162,0.29249040476358,0.538254288080359,-0.710487981214995,NA,15
0.254082378156274,0.22918507962791,0.627408400260107,0.161954101793007,-0.799987287040414,NA,15
-0.197374885180172,0.429162700850585,0.622536292542044,-0.29211070010254,-0.476700594866412,NA,15
-0.74656843301876,0.35943129308998,0.244859747657545,0.1433072112907,-0.474951285285079,NA,15
-1.23627949263323,-0.383657700091141,-0.124694048377424,-0.579864543251646,-1.01948795681986,NA,15
-1.40118177626894,-0.373719387917283,0.259260106949686,-0.740120433603068,-1.0551012374816,NA,15
-1.71372993975723,-0.380924464532135,0.658154484068744,-0.326855795037807,-1.57113947769393,37.3023750250347,15
-1.46599334423953,-0.105638361117613,0.519582691479896,0.054743749999798,-1.37945354620619,NA,16
-1.31301443941561,-0.563757409756625,0.491873143805417,0.722322134893977,-1.05996471364444,NA,16
-1.33179235000231,-0.28494683800051,0.730854676708246,0.148428065814032,-1.30403319226323,NA,16
-1.02709140335917,-0.738618772898297,0.531879139657587,0.233583984461838,-1.02779236870827,NA,16
-1.53891919731326,-0.999467265280969,1.13549834905122,0.553131242568675,-1.49466552101752,NA,16
-0.923245597544647,-0.548027595567983,1.35296176095987,0.0533631687352973,-0.835171741700564,NA,16
-0.526781167680933,0.446108446975825,1.35999645699028,0.311361423605488,-1.1219414084504,NA,16
0.025867851996977,0.383961862374411,1.98229488133015,0.591401507492396,-1.64313976363669,NA,16
-0.161201625724808,0.760638182319755,1.79281573067722,0.25004530724221,-2.3345852586693,NA,16
0.368867642906199,0.627234747468851,0.799124698993547,0.449790709078806,-1.80280561343939,NA,16
0.146311734731705,0.244839216316755,0.970455971697115,0.791601507974526,-1.50505882425722,5.58134292370781,16
-0.407289121695335,0.8111452830081,0.826858667222878,0.926814175978159,-1.0802901682353,NA,17
-0.464762222306267,0.93657802363872,0.0527371244945251,0.74368420698233,-1.56591287816561,NA,17
-0.765892850246228,0.925684541224806,-0.174877536776896,0.790798438254731,-2.67077867495179,NA,17
-0.534192240062523,0.377067083793346,-0.00585847643220925,0.847480302105682,-2.34203737810462,NA,17
-0.837471882485137,0.0407763764342374,-0.350113541229865,1.58869503572919,-1.74208211448137,NA,17
-0.31440885450959,-0.45908166496426,-0.172939357325285,1.30348850824094,-0.896610643304201,8.82660333615526,17
-0.312161204927161,-0.717021021840511,0.443081684788186,1.96903405320632,-0.4121077527284,NA,18
0.304722128455798,-0.491070989973309,0.634931695816268,1.68173163658068,-0.923624161042876,NA,18
0.467563624062379,-0.0162809257522232,0.950441441502435,1.70401580335722,-0.993568855531426,NA,18
-0.00721566104449949,-0.105315692280143,0.301829145941586,1.67556938676917,-0.678167907584192,NA,18
-0.347317870417663,0.0263628637067889,0.354521572157391,1.21938369806327,-0.782345753558594,10.8777501774581,18
-0.171470524840889,-0.265835331856695,-0.318652921235385,1.50231811946108,-0.282351789851492,NA,19
0.191374844206714,0.10345537188146,-0.844055565459603,1.63810979921935,-0.122545753352751,NA,19
0.627594130917138,-0.172324655606506,-0.198599607053508,1.84994530033834,0.232910452237337,NA,19
1.05883404038355,-0.48937968055598,-0.052554461212139,1.4030181394007,-0.124451080549123,NA,19
1.03216221285282,-0.770685477540818,0.120263035309642,1.44289551069916,-0.842808935877198,NA,19
1.64063856931866,-0.226416810587757,0.243912280533567,0.763421945049487,-0.318669623530773,NA,19
0.432492660729331,-0.129201957451597,0.205344232776757,0.494775416065734,-0.585912597106248,NA,19
0.374621307737804,-0.611263705178103,0.55466732773196,0.814357948305159,-0.751822109982387,NA,19
0.884369524887436,-0.576944148751772,1.29340047235492,0.704990657193694,-1.17561456828256,NA,19
0.796731489390008,0.033172327968402,1.36207029059417,0.598654349063341,-0.220194493986261,NA,19
0.944294172265696,-0.921256996275567,1.43475771008981,0.512513663818653,0.756432347018854,NA,19
1.2189936849757,-0.731240333143043,1.00971417592035,0.493639039171354,-0.165404571106423,NA,19
1.06410394499105,-0.386799674623165,0.413515977883993,0.425833932159575,-0.232575404145625,NA,19
1.07032656861568,-0.609356970013083,0.504152891558451,0.695204842645824,0.00860868109303616,NA,19
0.692218024783268,-0.474723390294397,0.290940878541107,0.719636153295067,0.390304898591575,NA,19
1.02313330957909,-0.555594324296832,0.161380125466475,0.932141981167279,1.17053765350138,NA,19
0.266872400501935,-0.553976147246923,0.296434102105142,0.569495060297799,0.107385025323773,NA,19
0.991137911431159,-0.987321324970057,-0.0362869972413203,0.806179110244899,0.0078657969660829,NA,19
1.03409556804431,-1.11514161433875,-0.204949586204547,0.199393023930495,0.683733610746119,NA,19
0.930341213064147,-0.948771316181436,0.00368476640377254,0.244949616026005,0.63200247622025,NA,19
0.445370498031166,-1.02105104609178,0.522514275957744,0.352316859872187,-0.378867853608471,NA,19
1.13633159507038,-0.620296485020661,-0.0483670734541032,0.37674655948598,-0.680017742740635,NA,19
1.81453758439284,-0.219904551146349,0.352363217706432,-0.0149796658693372,-0.93174807306712,NA,19
1.20459922897065,0.0279211502744128,0.70876352292338,-0.088584506144025,-0.80844703036631,NA,19
1.14561257806005,-0.421147453390555,0.0937578269367385,-0.903118535619202,-0.227771345673085,NA,19
0.926361130975876,0.155295794417619,0.276547140501751,-0.847001995788913,0.41118903081606,NA,19
1.41345208311366,-0.219420076836974,0.138536354647294,-1.04043623895844,-0.288909666090394,NA,19
0.638738435420571,0.193192040284861,-0.0891698354174326,-0.654960239143069,-0.457613775313498,NA,19
0.675593730253151,-0.231001033920521,-0.208249107698889,-0.90630270110491,-0.48690656041052,NA,19
0.523377005335659,-0.276341085161352,-0.459533045906887,-1.30721096402739,-0.367444918675825,NA,19
0.625047361252919,-0.543659468305819,-0.0292932782152823,-1.63133009226054,0.104446824416641,NA,19
0.261439667825448,-0.506305649653233,0.010802102366838,-1.20747935328152,0.208555307849075,NA,19
0.471484474513555,-0.795034278624865,-0.227463329009145,-0.936994227595949,0.928715157506007,NA,19
-0.569849676668937,-1.1035149560396,-0.0112398830363556,-1.11438265970977,0.441633175771887,NA,19
-1.39505427272784,-1.39736291946509,-0.88896254520198,-0.917786740436488,-0.0306122280242726,NA,19
-0.603539088663158,-0.589110979184703,-0.88197805443527,0.516456576676916,0.41298286281468,NA,19
-0.370647442692199,-0.495609346882535,-0.633048961989303,0.601377430453998,0.700188892863998,NA,19
-0.397326144920574,-0.110478579361756,-0.247877930772558,1.01246837714734,0.341394902109872,NA,19
0.392363736353487,-0.237932994444894,-0.233288907419799,0.652534964165247,0.338132587276228,NA,19
0.946172121490914,-0.276018208251368,-0.666528628416294,1.0089088639033,0.219160885423906,NA,19
1.32768681232486,-0.131717158248008,-0.793002719243274,1.39900696720226,0.702104183200127,NA,19
1.24141831758322,-0.778612680819276,-1.73041096044635,1.69906759737261,1.03875989588171,NA,19
1.33289562472701,-1.22666295255387,-1.51110213432455,1.20197591293108,1.4022140851593,NA,19
1.76569894344524,-0.625880777173109,-2.52818396673681,0.0438479377687444,1.54084093103299,NA,19
2.0014955940726,-0.699248295973715,-1.09151211869527,0.0481364858480332,0.320074619538029,NA,19
0.824959184726424,0.0485813380109079,-1.24280271320828,-0.136497642781344,0.661534925958969,NA,19
0.34859607288612,-0.462093441104421,-0.788854897607547,-0.479241023991735,0.594681119034296,NA,19
0.121124608412433,-0.994632185219488,-0.0432407864299533,-0.345916729251194,0.924588881857511,NA,19
-0.242754637938059,-0.901510330248904,-0.2757239481408,-1.15498462918721,1.0439486237415,NA,19
0.00397818141276916,-0.841947089161293,-0.292639742286585,-0.79677590025808,0.948699449657604,19.3347892521723,19
-0.0454428348290309,0.0674374604538334,-0.768730631176694,-0.515396090657739,0.911629185599692,NA,20
-0.186839130521465,-0.377833967795847,-0.785765350684764,-0.780322118247134,1.08895844769088,NA,20
0.0221784707455838,-1.17043517419078,-0.12097569025599,-0.972636757957709,0.797407388177529,NA,20
0.246464306830199,-0.752462379525816,0.831032822994904,-0.699550631323611,1.47082732658716,0.151022494083948,20
0.030940784797114,-0.433428038921159,0.18491341045248,-0.43288931118491,0.792016376929079,NA,21
0.230591761892558,0.0316066555557331,0.00950278962355718,-0.600757000604318,0.834946137947914,NA,21
0.342124831194508,0.711405826725682,-0.306226852138242,-0.801972582719736,0.535848435089137,NA,21
0.534901199581659,-0.0931381206551938,-0.457910431627722,-1.30610240882187,1.17068505784968,NA,21
0.185832996874808,-0.362531188239011,0.118788185354936,-1.04215664766997,1.5602898780398,NA,21
-0.0277644987443951,-0.0815228921117525,0.996141001367378,-1.90317841098003,0.964686953583948,NA,21
0.116224722055401,0.73796381764384,1.18216727490556,-2.25365645701646,0.893348495075526,NA,21
0.267216921546339,1.15793450421272,1.86910578409484,-1.89593082577773,0.671198087731654,NA,21
-0.177939464681081,1.05060772837464,2.3445544312943,-2.4184276901228,0.326124807707977,NA,21
-0.114736710505991,1.68767052629406,2.5965411013939,-2.17137765617504,0.192785076496434,NA,21
-0.777936185439371,1.63465020095957,2.0718326989744,-2.05424834892842,-0.2113830457482,NA,21
-0.816736375061762,1.37623031382965,1.81274262947982,-1.56636825860989,-0.273647768415555,NA,21
-0.751535332657695,1.78080878400114,1.29055421828159,-1.66325545948324,-0.23735093013257,NA,21
0.0923089852786349,1.00722096263594,1.81097528402411,-1.16064650725077,-0.423785472053637,NA,21
0.415941988647299,0.679688952411168,1.4171579158794,-1.28676380069921,-0.553006074962663,NA,21
1.13993596442667,1.43294022495145,0.874733348506389,-0.757515655687561,-0.947898676509142,NA,21
0.331285129106865,1.22771944016989,1.1226319064901,-1.11282661285326,-1.18352000187776,NA,21
0.144544923586382,1.22865008659207,1.26415640017527,-1.06800479442538,-1.45740228547601,24.4479421357425,21
-0.0948447732529712,1.46844754622814,1.0938649077523,-0.358023424245999,-0.91870438876994,NA,22
-0.0876126868589593,1.34805149793848,0.747634313006728,-0.256939558543162,-0.772959300933732,NA,22
1.22009007482405,1.63695369514229,0.567999646582259,0.0505992230616386,-1.14767504018647,NA,22
1.37847956773148,1.7542104743452,0.769821129407869,-0.264816673789768,-0.704174780285001,NA,22
1.52934998625364,1.96743373490639,0.692690691311,0.678289246110654,-0.390792688475682,NA,22
2.29271945051076,2.32660908442787,0.319055084910959,0.468043855607823,0.116013456910947,NA,22
2.4259374276298,1.64211143995499,0.924203077833838,0.248651595559021,0.58013571869556,151.9738475019,22
1.91805221858814,1.49837850989013,1.46489278337232,1.17600259704025,1.24633348317365,NA,23
2.14837219354303,1.56694959343383,1.35783316696523,1.18428533382666,1.35002440748199,NA,23
1.88851027872577,1.43842540069571,0.937663785358753,1.89675044369627,1.64737116740377,1.11105999110472,23
2.2920943824784,1.36491574036777,1.13921020569078,1.79056239158471,0.959162782085034,NA,24
2.51420416050435,1.61265847703083,1.33293297839893,1.32630418007546,0.725547470727433,NA,24
1.80757343282298,1.43382090037441,1.68106408437364,0.969529875526296,0.629079487650605,NA,24
1.69383861011425,1.53934567547134,1.47197709493655,0.871741741310566,0.577478044147461,NA,24
1.26242467422506,0.542849002818502,2.19818158016648,0.436726277550792,-0.0534833943099397,NA,24
1.70694490772317,0.901484529013171,2.71070199675853,-0.449564069318193,0.43984807652241,NA,24
1.24260980524309,0.577995286519653,3.43331700747113,-1.49593105222203,-0.0912995271283117,0.0113524910911232,24
0.570605263521439,0.383568141460673,3.21699741761009,-1.4664893778818,0.610494906950461,NA,25
0.0660270006897685,0.935820688695553,2.6456321483864,-1.14487329034055,0.22015662914352,NA,25
0.0703707385241036,1.30138724182707,1.93318086218567,-1.30159040846716,0.201319187176139,NA,25
-0.55409871672728,1.82081552958487,1.43568414030786,-1.32866285019793,0.0361772878011452,NA,25
-0.570629662488523,1.70190569992154,1.37159029974139,-1.02564154755888,0.329078623934916,NA,25
-0.0873544714243945,1.63762192580602,1.70787666613287,-0.94314924053252,0.525090840090681,NA,25
-0.381525361386628,0.312242633104968,0.894510748981105,-1.23021794637528,0.788541714724106,NA,25
-0.467101106982139,-0.575035120674322,0.483988333904975,-0.741089299019857,0.804387272437853,NA,25
-0.406171409188732,-0.705476340871607,0.0284397814838224,-0.0100524850032459,0.384397608014824,NA,25
-1.1718643111537,-0.353764359171558,0.95065296236249,-0.457927551857859,1.03373582909403,NA,25
-1.13057626336083,0.0863536070977766,0.643653606407137,0.0188920308667478,0.342970895355001,NA,25
-1.45895653454594,-0.817423198336171,0.50425263827176,-0.404725873031104,0.455462731254874,5.5134372939433,25
-0.605228420707466,-0.336118094049347,0.0573133761719139,-1.22851464058962,0.228498027650252,NA,26
-0.00872217716106389,-0.196435776125849,0.109233922454642,-1.83746858490494,0.210289044891302,NA,26
0.321809183446469,-0.0740732858250721,0.842862966062184,-2.08760349780225,-0.137721806280416,NA,26
0.511638231098426,0.693742909109468,1.42423422892759,-1.44471216686827,-0.0328646082710873,NA,26
0.721285827606456,0.562358253380622,2.14890825396899,-1.08729046957371,-0.0287940505278326,1.42172053752019,26
0.373131848259212,0.142582241194732,1.73734526370677,-0.954899612899823,0.116632444804193,NA,27
1.3277421577818,0.0695097069605672,1.02362844130271,-1.47127204644488,-0.712877847780509,NA,27
1.12065843083579,0.752863019254271,0.195390001421959,-1.75333323184174,-0.66339350210058,2.89580540445195,27
0.862297778646393,0.237972960284896,0.40043126756554,-2.10686054599673,-0.62648484498178,NA,28
0.863736948465276,0.701332238598689,0.00851778873171116,-2.27155476677169,-0.585294608545637,NA,28
0.513560856147408,0.964818053685821,0.482474243154139,-1.81295221100787,-0.782747493976984,NA,28
-0.0306415099946397,0.51219161941008,0.833422484476316,-1.40898925384556,0.148989456324611,NA,28
0.295859954416724,0.310938582541999,0.792314846261479,-1.56400935116436,0.076156263758238,NA,28
0.0791473478196889,0.914812131940827,1.15749372618207,-0.910834541171918,0.247146841578421,NA,28
0.314706475802638,0.280035134912998,0.555065443190919,-0.404277838651474,-0.514845774249394,NA,28
0.592831320960046,0.565410558691818,0.678248241694534,0.387918778565709,0.408351491192286,NA,28
1.61474936739293,0.9178967975559,0.251187750164796,0.294599346166591,0.617797030010844,NA,28
2.06996119795686,0.952777292954332,0.640381570531967,1.00948317806894,0.518452724936233,NA,28
2.06974379275596,0.898067428667001,0.448715784340235,1.42845222032247,0.333670947468704,NA,28
1.71018989220971,1.22034502587393,0.111689793462167,0.833174812583417,0.466945079677121,NA,28
1.84321133210486,0.622534019954112,-0.0290025663269548,1.05087542554719,0.492489206906155,NA,28
2.00521463810536,0.3616885173225,0.548548888106921,1.72185545025545,0.592795368044543,NA,28
2.32517955126339,0.694007203590749,0.636040371294425,1.56157721406523,0.474520936935715,NA,28
2.82500787234347,0.736959514596171,0.580234891027185,1.92538048036375,0.2452141283576,NA,28
2.61114755969247,0.515351086944654,0.837103030513734,1.49288499462005,-0.13266395354417,NA,28
2.45490890767166,0.273073993136804,1.37083488870991,0.690045243647884,0.880640413501526,NA,28
2.55111521765018,0.0312705144146739,-0.0489676276758908,0.823874628773007,1.1682606710184,254.006969280283,28
2.69162568852573,-0.13446391202907,0.661099860735467,1.14978754515359,1.06615465750935,NA,29
2.73402947614286,-0.480971599896667,0.400093807119564,0.878674686808746,0.987365212030685,NA,29
2.56860421272747,-0.441886576207102,0.354788254752961,-0.0408541700485717,0.0216068585938544,NA,29
1.92962473306351,-0.804494412161613,0.0435451232625607,-0.0154350366664327,-0.332806852787635,0.000339550133475981,29
1.41619139544562,-0.366280403516145,-0.146445794047579,0.0278904035731245,-0.280486221761862,NA,30
1.72457116113087,-0.187740970070698,-0.760442738267673,-0.328157469168009,-0.300550265461216,NA,30
1.45704377352761,-0.548084359550271,-0.806209786955085,-0.161778935441822,-0.534529502049326,NA,30
1.66139938285766,-0.641041884328847,-1.15420578161132,-1.14860690249538,-0.463754118699471,NA,30
1.93982524950757,-1.27336585900502,-1.48247848344814,-1.03463480797694,-0.102834581292272,NA,30
1.80217398318481,-1.42143213123825,-1.81745872459352,-0.672090609097085,-0.186467120786091,NA,30
1.5043363315104,-1.09931061165025,-1.26918088753043,-0.146471585840846,-1.1181574683219,NA,30
1.82026388400047,-1.61993338973715,-1.27260298789614,0.215955447195242,-1.1204360743742,NA,30
1.65164984589586,-1.06710605025381,-1.40684489052843,0.977461952632659,-1.18323085242363,NA,30
1.84555555979289,-1.23070474580257,-1.69964058712692,0.829480302850676,-0.720483917775483,NA,30
1.32775304165982,-1.42023178721023,-2.43310793019123,0.633159612271713,-0.370156177837233,NA,30
1.25846077093701,-0.976074444161092,-2.04934449813457,0.94313023987522,-0.283400112774948,NA,30
1.31354459906579,-1.22952521056306,-2.3745198598585,1.15793322330649,-0.63334078114832,0.572747162182463,30
1.27194451652832,-1.41126507692521,-1.76010946529443,0.631477393935182,-0.557941447853336,NA,31
2.03751175469698,-0.747595442040317,-1.49356355238682,0.294492445007235,-0.914275633296721,3.75787810801354,31
2.15177807287181,-0.653869238873756,-1.0186543906632,0.420729801141683,-1.30098876746969,NA,32
2.0420814862731,-1.31036471319864,-0.30844005051014,1.10490404002959,-0.764927196789848,NA,32
2.39075346695266,-1.18419853837744,0.206928069933712,0.380413696922776,-0.8534511283578,NA,32
2.8108894988513,-1.14585149966023,0.320808653472497,0.47234857878486,-0.605447429565938,NA,32
2.64690716476204,-0.314289465255451,0.00688546450233798,0.363451596250843,-0.495941553458339,NA,32
2.53987255773178,-1.00800240368316,-0.20802353853542,0.00696732291357343,-0.190090336701873,NA,32
2.6366850883097,-0.830643981441347,-0.033304356833363,-0.488883817192759,0.221991300560351,NA,32
2.22464189923361,-0.838871929470864,-0.0277322551459086,-0.141227346569425,0.620784466126296,NA,32
2.14904277574912,-0.725924576645094,0.598192307006904,0.10566089884676,-0.146025553759093,NA,32
2.56702799870988,-2.33969505310282,-0.0809653747296089,0.00486400310694801,0.783189721411592,NA,32
2.10240103268255,-1.67522525315415,0.663156995656351,-0.472471486929655,0.891811699320352,NA,32
1.20788709482084,-2.04142472189792,0.919489605743549,-0.0974812865015085,0.444639992064272,NA,32
0.664324518029283,-2.05312574058394,0.33645860088184,-0.381724976368003,0.833506885250864,NA,32
1.19400451031083,-1.05065154689524,0.183302440491163,-1.03504707482702,1.790223574014,NA,32
0.923085657506451,-0.530471329874241,-0.249899156791405,-0.965865229023978,0.736722393456768,NA,32
0.669728909263791,-0.483630864798012,0.291037192554332,-1.24771831023252,0.282658482265582,NA,32
0.684465948418728,-0.59435339944028,0.0740304259951536,-1.66969018100006,-0.208742993675753,NA,32
0.00722075870433425,-0.0766961065984993,0.458869724547925,-0.625671692662069,0.578986781842945,NA,32
-0.681292286194488,-0.239299734221014,-0.299249951516882,-0.88922670370889,0.432637967409901,NA,32
-0.583237404906768,-0.907055490955276,0.558052473274919,-1.05045300964381,0.944871556381938,NA,32
-0.406973516044969,-1.12696234202083,0.357951421107571,-1.37174652669887,1.16093432576804,NA,32
0.460748577471537,-1.24231497175961,0.355919223152044,-1.57005953613297,0.363105123085618,NA,32
1.06388906438292,-0.0709048814988169,0.216877998370458,-1.25895349867677,-0.271878536586467,NA,32
1.40330291970844,0.140987663021658,0.446076616054477,-1.23970448819379,-0.287146213438659,NA,32
0.990954079906338,0.412176241255972,0.47912282907704,-0.880759664661961,0.114083618789475,NA,32
1.25613387753218,0.387720170682765,0.269887033995337,-1.12131587884066,-0.0155286423960272,13.6019801585896,32
1.37552102810816,0.195096207130553,0.231662144892104,-1.40543401345532,-0.0784571770462487,NA,33
1.61407356292723,0.428368699715818,0.146526781651853,-1.00797514556441,0.467596919710734,NA,33
0.686866138341981,-0.745714020540091,0.39274201107265,-0.746838588813453,0.634111543215318,NA,33
1.15239091617016,-0.613578914145627,-0.104752440993489,-1.13249057208502,1.14950921553887,4.48132359322685,33
0.684411150612139,-0.841016446869037,0.393975525508573,-1.25202382330138,1.19146342504401,NA,34
0.777139105035124,-0.584588817659594,0.00222851770770132,-1.72008976714587,0.410062876730989,NA,34
1.18432264822388,-0.333045546607296,-0.404935735590468,-0.610170449717598,0.517206407630909,0.518702400197947,34
1.43680093844075,-0.738468703815671,-1.11756286691508,-0.229728346090128,1.26318429144721,NA,35
0.369602347487159,-0.934761724272511,-1.22388848300569,-0.252087106911024,1.47319129385776,NA,35
0.334088604859326,-1.08618544518137,-1.7193203066566,-0.099550402199063,1.12594954194232,NA,35
0.00698036437284078,-0.975049731107902,-1.3130816273483,-0.501149180447041,1.37672264881846,0.150529297956979,35
0.214912152790215,-1.70503648692759,-0.990075155927364,0.0369207456425837,0.959267213620989,NA,36
0.596583424753017,-1.42321536670308,-1.00723927056488,-0.815117728483108,0.663150454961024,NA,36
0.593298879555621,-1.42730673205067,-1.13482204762401,-1.82329836231139,1.02207106906178,NA,36
1.00552187882045,-0.615609057993577,-1.05953055298704,-1.65879342887172,1.44647501945138,NA,36
0.479643423095953,-0.082576860608148,-1.68322226322477,-2.04035899184455,1.19975508264034,NA,36
1.29538959385649,0.830723544580404,-0.437396444429824,-1.50337094721208,1.47537558642254,NA,36
1.41696493908105,1.58107507188613,-0.228868326065133,-1.38387942765049,1.76824571286947,NA,36
1.58822989005951,1.78118052354686,0.340059960972509,-1.00041551954832,1.64047861542532,0.564570741370997,36
1.08029036259667,1.7399064279462,0.138357426597423,-0.502552514553579,0.752641901684366,NA,37
0.798726122800368,1.7662451108419,-0.200250887088518,0.271646834409585,1.40929587961534,NA,37
0.798672005942351,2.35900569010754,-0.35239124085047,0.10977849724451,1.24309575705288,NA,37
0.238636271407877,2.24140587292706,0.0682074212509245,-0.276528432173044,0.829340960121243,NA,37
-0.31716316171825,2.11482402547233,-0.66669507297775,0.0758529982262319,0.568443361591874,NA,37
-0.774652741334812,1.65173774037915,-0.0529170787340839,0.486311489849195,0.684398952079362,NA,37
-0.804337181212842,1.83877842009204,-0.362754006803395,0.440475619778624,0.486310799564766,NA,37
-1.05974738994917,1.49801492354203,-0.184137103136037,0.289601964828428,0.298087481863577,NA,37
-0.700211547966022,1.21733414636879,0.11602983988647,0.253544687168231,-0.346110278850721,NA,37
-1.32418842651363,0.702697338759398,-0.0339347030658276,0.304860223324155,-0.413742563985509,NA,37
-1.58263215127925,0.539221653783917,-0.208256753894656,-0.509294478540939,-0.671139735692407,NA,37
-2.2033641915646,1.13034255533331,0.536246554841179,-0.668328954699663,-1.02396257531415,62.9807431375387,37
-2.34450089328088,0.699722138370047,1.1951400535402,-0.203149917552693,-0.765815928136922,NA,38
-1.2867652587138,-0.181683042897848,1.08717949972088,-0.438189316698142,-1.07639586231006,0.246823640557066,38
-0.938509758522212,-0.100050809983113,0.649745761815034,-0.0115694898198989,-0.218095081183063,NA,39
-0.641215333227375,0.428881371451983,0.855886452472911,0.334560191365783,-0.805841116796386,NA,39
-1.12786886003919,0.316428081445488,1.59418321414969,0.376458006979851,-0.553401968563975,NA,39
-1.13767189450252,1.06755223086222,1.7484335578331,0.118533048626512,-0.0577716884083016,NA,39
-0.923482374080151,0.282253826538342,2.53678063152257,0.321772134793979,0.265385439898567,NA,39
0.161561412337539,0.924593197448313,2.06557524254043,0.439150382048604,0.441988509541503,NA,39
-0.376489092227073,1.0970905220073,2.0516513250617,0.406511012869712,0.542389860971198,NA,39
-0.419322318021571,1.25048696408246,2.01559720021631,-0.19740701839962,0.364223621093297,NA,39
-0.495425173046214,1.46432830592064,1.81103844984684,-1.06980251098164,0.29080215437603,NA,39
-0.0152779471013298,1.11367885463923,2.01130630838054,-0.573926453860897,0.322912765628782,NA,39
-0.114171311873523,1.52868563634089,1.65644368739649,-0.642018774537925,0.57226489717087,NA,39
0.469138961226783,1.37664565853931,1.43970394870192,-0.541656046340459,0.49108193999151,NA,39
0.582545529816849,1.53042394309471,1.25633808612629,-0.390817615349915,0.254479359099666,NA,39
1.28310352439867,1.51765994549955,0.975231905659824,-1.1593978294739,0.702698330230258,NA,39
0.889203960103632,1.78938437693391,0.853765967738545,-0.206178420421624,0.613775784554656,NA,39
1.47607396873937,0.682227484138849,0.965662692372067,0.234959745740475,1.16391845347731,NA,39
0.876887492687983,0.340580520405132,1.54202951064412,0.879997901161841,1.10031895822706,NA,39
0.833385084284518,-0.784913798912085,1.22024824051317,1.16414239491093,1.04919686185984,253.451158780637,39
0.567812745434235,-0.0689806441144896,1.46209750253969,0.333692594124021,1.59832131807059,NA,40
1.23900552914044,-0.28971518124559,1.56313055252211,0.266861292141482,1.57321508489945,NA,40
0.69283366644454,0.0386391685838036,1.21637569185281,0.548918800974542,2.22290597914569,NA,40
0.414571194437097,0.0482827298244696,1.72444663282122,0.585809612923554,1.52680796982233,NA,40
-0.160131370640929,0.36537644813019,2.3927439239265,0.545703226237043,1.64962021103047,NA,40
-0.613232685649636,0.0725805885971625,1.82002907094922,0.742044081843168,1.40279645075384,NA,40
-0.938599106362947,0.295210635604167,2.24447311481108,0.3879919262397,1.37168424462748,NA,40
-1.42287867772242,0.0494957317824805,2.59899184072218,0.824982197567534,1.14330985853116,NA,40
-1.00695116436228,0.126957262430156,2.5613320592503,1.17459250415074,0.385076626949227,NA,40
-1.28640848625725,0.529528937527976,2.44301667710931,1.80915543777363,0.193531949750349,NA,40
-0.861292885351047,0.571644116529535,2.09542955578843,1.56225901533058,0.541015572974452,NA,40
-0.793751611021355,0.635638224653861,1.35898916602511,0.523901157306895,0.913582152720017,NA,40
-0.385908101579986,0.272583313024183,0.780755524253928,1.10197555723141,0.983912534292389,154.682238471098,40
-1.0704170465958,0.352678817835203,0.623755710777866,1.6465001541747,1.24931876932065,NA,41
-1.20750059183923,-0.20868041074003,1.04193486886846,0.811728285892605,1.29074034546808,NA,41
-1.30420852437824,0.158798594939342,0.539033043108992,0.0487226011207485,0.964818514216118,NA,41
-1.23576595292513,0.385445245517986,0.445940486854859,-0.354355025662043,1.25001282837027,NA,41
-1.47684063610472,0.894250929958701,0.636095053789907,-0.36352044037489,1.22398982499356,NA,41
-1.63521374161933,0.258518108715307,0.944250889652317,-0.318563933799334,1.35145012798275,NA,41
-1.59746184872436,0.168243136209865,0.350302433146338,-0.281341209222416,0.440685776079594,NA,41
-0.756984054880981,-0.136101745859488,-0.134736563656331,0.150791539708223,0.458528519677926,NA,41
-0.704214619425936,-0.307366396152558,-0.166935555132975,0.455849892315289,0.102055609837453,NA,41
-0.0216031084701133,-0.30004377761109,-0.404879747646661,0.683259629091045,-1.16041456324952,NA,41
-0.16753647939786,0.254432422048589,-0.414716100972767,1.44746136780139,-1.58713603020673,NA,41
-0.305954176726167,0.521460032992969,-0.414622997833388,0.534480586548002,-0.0993740908299018,NA,41
-0.27360742280217,0.122017316642757,-0.501340432837849,0.401272799798716,-0.361878348240939,NA,41
0.0419627744795984,-0.0023836376444283,-0.318727591234015,0.870708163187236,-0.593995492868977,NA,41
-0.469378213509737,0.199158370043371,-0.28431651588354,1.21696058137233,-0.345277696766065,NA,41
0.456953933363988,0.0465657930542841,0.516747636920413,1.27000528410476,-0.132625993906447,NA,41
0.262649810117902,0.0421382361425633,0.919081775451915,1.00799129366888,0.305203004020878,NA,41
0.588337273126434,-0.079042727757231,-0.112780225140394,0.467471109028016,-0.0931765478391798,NA,41
0.640988011260792,-0.146578365807552,0.180900208826566,0.220546579342622,0.378392004143717,NA,41
0.834792340651629,-0.653242118302657,-0.516721353146932,0.597283397007353,-0.374023359542575,NA,41
1.40159186449577,-0.545935004686326,0.453448131051151,-0.0961488348823389,-0.436131322307127,NA,41
0.791282225734824,-0.812990199762583,0.651512443752705,0.610705238255726,-0.595321294968036,NA,41
1.00950538281597,-0.498081001441013,-0.0311948730861816,0.771086225713448,-0.530095902885174,NA,41
1.36650618627082,-0.762001003205821,-0.231873711094153,0.196049467405016,0.328968460627442,NA,41
0.512276229091375,-0.749083670008857,-0.227779424248333,0.436774649308857,0.556179816640632,NA,41
0.244736055505614,-0.304813357569909,0.438787920046263,0.67884778535124,0.176009325571933,NA,41
0.17308630481353,-0.274107634115645,0.329776712453989,1.36543684846879,0.800148831689603,NA,41
0.210312205368189,0.114245570748746,0.618600588618473,1.81598500202045,0.206566398904052,NA,41
0.177495480137776,-0.538751682938656,0.392077022847497,0.418158323451655,-0.0093519080039017,NA,41
0.321209360308588,-0.377228503972357,-0.00894739989433732,0.322621127469037,-0.160531504297439,49.2917670202018,41
0.683621160004224,-0.343122349055046,-0.323853068993095,0.00366310232466759,0.0040886381647763,NA,42
0.303334528922623,-0.297988219568407,-1.1320970984262,0.0528681978646274,-0.179883119216771,NA,42
0.0982499275568982,0.042337275756827,-1.10120608337877,-0.178642858721504,0.108400822550041,NA,42
-0.105783823338429,-0.142682632036893,-1.42870608484992,0.302431379415568,0.00918543571062641,NA,42
-0.08365759948535,-0.178006521245648,-1.64501434789079,1.13956223238171,-0.287572508518063,NA,42
-0.723498711786867,-0.281606492330659,-1.18324186024053,1.1872142516455,0.0470436864529985,0.223653911815919,42
-0.145535483218499,-0.480469475166884,-0.371552395323424,1.24844332975785,0.0620096104418783,NA,43
-0.914522649908772,-0.515008304668303,-0.372855261298164,1.25159676330888,-0.339537510012551,NA,43
-1.71767800371941,0.0394589011945174,-0.383101374609432,1.3815533824431,-0.00798839580276338,NA,43
-2.35811333212317,0.0637775883571301,-1.20043651195153,-0.012787736709765,-0.382613732233495,NA,43
-1.98699390219862,0.433907430472544,-1.26807986032267,-0.276575552009471,-0.556641781868736,NA,43
-2.34173483722591,0.869406213205979,-0.912451343550419,0.514742884394481,-0.329465714755657,NA,43
-2.21486944560502,-0.220528309589207,-1.033199400876,0.383655547413542,0.19996661410905,NA,43
-2.27841678664175,0.132894344822461,-0.811677741628088,0.888477285939702,0.71643025205637,NA,43
-2.23826151538438,-0.225987246451517,-0.374931824875975,0.781249130403983,0.647962226782542,NA,43
-1.31142491905484,0.274689555378301,-1.00101334322749,-0.0577639219664379,1.10547384598338,NA,43
-1.20866531567939,0.357471738231244,-0.228502610602229,-0.103018318161967,1.54876066907569,NA,43
-0.823822726065375,1.06610437211979,-0.497237119849412,-0.742148664608624,1.40763038602296,NA,43
-0.981888021031708,0.91147896115338,-0.429227417022416,0.012306850502824,1.20302516785895,NA,43
-0.657519724183445,0.998418580766332,0.135853645321333,-0.433951050091317,1.31057390743232,34.6553536944468,43
-0.692526307170628,0.875778637393073,-0.0913285182365388,-0.312883582300779,1.31330307395119,NA,44
-1.54237246265117,0.785104574393551,-0.312514934735287,0.0868994502004619,1.53712173674265,NA,44
-1.13061058683143,0.959504099374412,0.0283629943984698,0.302188768023828,1.39572900840562,NA,44
-0.451159316230837,0.610761163297242,0.0363206149864179,1.02944279023276,1.66221541519523,NA,44
-0.534874484616206,0.336900578461191,0.719605685798308,1.54071703824322,1.84084350082361,NA,44
-0.13507669319944,0.946964868604429,0.71898509247438,1.56732937398331,1.14260152545167,NA,44
0.310597808334204,1.04260924784977,0.770592760136206,1.20415516263906,1.37739521261113,114.495815999755,44
-0.0753119017640165,0.590318852002049,-0.738791512386843,0.696365569322316,1.54484943610389,NA,45
-0.160467571802925,0.519986131195362,-0.956532523018863,1.59345782454675,1.16543000481232,0.588011112090258,45
-0.806016180303637,0.137894349283581,-0.683637050371373,1.47384408094287,1.18881920061837,NA,46
-0.370366334736809,0.0718819837179043,0.00853126125068186,1.03406022950576,1.24077636820678,NA,46
-0.601747714762104,-0.0121248523547331,0.679840819421424,0.47638666771401,1.69248851975619,NA,46
-0.655999289539084,0.467229145064323,0.111443812059206,0.858333261016621,2.14038144617316,NA,46
-0.120559613819897,0.437349224395105,0.418795414890324,0.769636640600508,2.15573770930917,2.88199625550503,46
0.319218422190725,1.00673342059134,-0.0621506223981347,0.740340417071009,1.97052538930488,NA,47
0.449946430845191,0.450074617349645,-0.0015500604008618,1.11269128864066,2.45191786449155,NA,47
0.431036614714716,0.32800324576877,-0.43533931694915,0.723311068978042,2.94348883520533,NA,47
0.701615753778323,0.77478715990484,-0.0214960388233869,0.949259129630441,3.32192190162421,NA,47
0.480297789159075,0.826764167236585,0.658113465951003,1.02637820810475,3.64017321348881,NA,47
0.882580681523561,0.152819206667469,0.46883915625171,0.897607246121829,3.06742807416937,NA,47
1.26325293414102,0.159823058520033,1.12306058355641,1.05060581973881,3.01247493957147,0.589788489292447,47
1.2988436322166,0.237332243607258,2.23374538994421,1.80162906145903,2.93170487571668,NA,48
0.84018281329998,0.872678888307849,2.4699766943023,2.25751869477248,2.87806447603014,NA,48
1.3054483645694,-0.178155014347811,2.97645370573494,2.08885544934788,2.2393869983128,3.69608974368992e-11,48
0.862984894904009,-0.428562059615601,3.11319524783122,1.43928154570538,2.1826594417064,NA,49
1.5130979968969,-0.420095124563188,3.3692371790291,1.07883743638902,2.03960632557824,NA,49
0.969180753370573,-0.644457922674787,3.04244310989698,1.25938126917149,1.84004198751916,NA,49
1.80452490356814,-0.399751975956328,3.00135723227943,1.68955787976195,1.61291297067214,NA,49
1.93636070501214,0.174040547006952,3.29063174731679,1.27148423685458,2.096294407703,NA,49
2.90530991152209,0.398027502054006,3.04037905006089,1.44564054176389,2.73152191249525,NA,49
2.17403404176726,-0.0259494429123026,3.61485381097573,1.36537715463222,2.36235013919701,NA,49
2.27262885512575,-0.0519516959998767,3.27943840110334,1.66026697354987,2.29614804076184,NA,49
2.30984866831567,0.237681367491375,3.41673078254678,1.73977690877591,1.68158760745473,NA,49
1.68590452658355,0.667558579612436,3.54728293235191,0.584550794771865,2.53078320464637,NA,49
1.56533817999704,1.20968220918811,3.16922320980173,0.264350536659275,1.66597407254898,NA,49
1.74520213660992,1.0811273540566,2.43369060691754,-0.403913221503659,1.88481305218148,NA,49
1.54634184159414,1.15169271314594,2.17132917595203,-0.841935495862189,1.7936284981668,NA,49
1.64547575608095,1.19909354030216,1.73699829386969,-0.86049683695009,1.6806066807799,NA,49
1.43255214812159,0.651014064185594,1.98092877779267,-1.12503988782844,1.53259473281895,NA,49
1.39394978238784,0.950888814893195,2.70823708397436,-0.816287664425796,1.29043194837487,115.031069111974,49
1.47976318623201,1.30319300657885,2.82023757653531,-1.13592111482442,1.05666896592638,2.60358426827065,50
1.6943759855508,0.735825667623431,2.78050225434552,-1.05941080505994,1.76210495220359,NA,51
1.54267849177364,0.310762095201029,2.41371390721092,-1.24768146071045,1.81356987090277,NA,51
1.21003666417912,0.583801544459819,2.31221501808146,-1.65692908235987,1.4403049644055,NA,51
1.32069051985787,0.898610320925855,2.29383230095104,-1.87623441402415,1.65001171827877,NA,51
0.617786347100694,0.695929438907205,2.98056153644417,-1.66062939307843,1.97442665397283,NA,51
0.661141452589407,0.669795753554953,3.08401545177847,-0.932761529790367,1.38914975367271,8.77895725283891,51
1.73536001692622,0.419844017918852,3.12672195231789,-1.30516707590585,1.11789586701073,NA,52
2.10767795712603,0.199104383101621,2.30256073033795,-1.38365386337892,1.02909003580262,NA,52
1.52186702299283,0.00196710621829482,1.81724918820652,-0.867124402753032,1.24931101591866,NA,52
1.13384297731884,0.43423162347705,1.22076653156184,-0.346219743839556,1.20799175787955,NA,52
1.31049231296897,-0.209754721000085,1.52889224488783,-0.509056562968597,1.02708525037829,62.9088672739656,52
1.70586190610346,-0.64654622863137,1.54493461840043,-0.504541139191569,1.00657637680575,NA,53
1.15745244478812,-1.07768591385266,1.47860745183738,-0.344954964110442,0.897351709456499,NA,53
1.44388794809048,-1.28048744324057,1.4737956639103,-0.63048382888004,0.577425598575377,NA,53
0.998511666861754,-1.62730581283896,1.278891919178,-0.294878555697098,0.959668143941233,NA,53
0.794006949441322,-1.19707573311845,1.02333158396401,-0.198708073076109,0.735950889951403,NA,53
0.837621903826566,-0.690252858422051,0.399818042824305,-0.875550190141194,-0.353143232299029,NA,53
0.961606314917099,-0.943834645448762,0.898687502805882,0.161391091838776,-0.149418519277206,NA,53
1.47336649556157,-1.0095289808387,0.798912439006601,0.227932063551431,0.377353629896686,8.91197646693691,53
0.799804702052777,-1.03292562813826,1.3932344884271,-0.269319816649242,-0.0933663725122095,NA,54
1.35705157583174,-0.647006809583995,1.33349427543503,-0.497877527362368,0.471677151732363,NA,54
1.23353494665059,-1.06679588707472,1.90304028121795,-0.393364134361498,0.782035861349482,NA,54
1.58884014420678,0.181764234477591,0.684491942899969,-0.807979700868231,-0.378128656132006,NA,54
2.29710604314945,0.808205823732841,-0.168162170668392,-1.31576417042537,0.318259196609806,NA,54
3.1599745273368,0.324444652588881,0.126579357071125,-1.65157784099376,0.348228229526601,NA,54
2.46655553315167,-0.731750448150412,0.145279423608836,-0.927027602663672,0.825606722211009,NA,54
2.57585034288399,-0.362420416974736,0.601812680830027,-1.00828502943252,0.610866094347087,NA,54
2.60196396339851,0.41648493128676,1.49713092859834,-1.21800196595372,0.441227854786654,11.997395057339,54
2.42689521126085,0.986624784549454,1.34539631683176,-1.24757866818289,0.358247596284659,NA,55
2.00795084544001,0.595382241282413,0.88228048842745,-0.591329509303648,-0.067234433875045,4.86515014029301,55
2.31158039523617,1.00871122130372,-0.117414899900262,-0.122456628680203,-0.591141464685144,6.19069968920093,56
2.18665914377019,1.0730983149666,0.262809110521536,-0.116528922289229,-0.141080736631811,NA,57
2.73293121829135,1.02594911743022,-0.126912304208134,-0.175706546362435,0.465443869182571,NA,57
2.06336744730805,0.441494097726161,0.211127392119113,0.19289136848819,0.263189205976642,NA,57
1.57522666542499,0.444474919538917,0.783233378812187,-0.173561748981685,0.180231420041082,NA,57
1.6704603261307,0.386087435626848,0.386786991325933,-0.205028646238384,0.852530489806261,NA,57
1.49652887066806,0.671132425313717,0.148869085956837,0.0943811328591121,0.547140518563208,NA,57
2.03305861106331,0.460842689623365,0.361027974153122,0.428505731124963,-0.729878791911746,NA,57
1.55114086257141,0.230552077018642,0.000538659627276032,-0.0470275702300014,-0.211005442135395,NA,57
2.37930866027788,-0.0486358120421746,0.186810243374919,0.0798654038115278,-0.0321968855797057,NA,57
3.23351061644213,-0.447124795706627,0.499668559351118,-0.0372218508419128,0.0330956400798013,NA,57
2.89608282887171,-1.20566403762822,0.105781773414246,0.0562528419335011,-0.841963221798346,NA,57
1.9155253937176,-0.370703373673079,0.132539183890095,0.666894733019497,-0.624960714049258,NA,57
1.45510186486685,-1.03096940234075,0.267639247756549,0.747874424501966,-0.463537867037072,NA,57
1.08309361036977,-0.806315109850586,0.480350570618745,0.218121714278203,-0.35187366122961,NA,57
1.33503021119697,-0.311592538934265,0.416492331816051,0.362950061643663,-0.399428340763741,NA,57
0.92531280405642,-0.358129351488995,0.243364403081937,0.714186100198751,0.49827295252732,NA,57
0.67925126208125,-0.813921926407703,-0.626809925321031,0.92987180916569,0.366204631259348,NA,57
0.723459611572719,-0.133175485600105,-0.57963625042978,0.897444732130969,-0.252313816391686,NA,57
0.837605655524396,0.255834844613065,0.000884394961924475,0.516432289846185,0.298953866194804,NA,57
0.352006039171246,0.4205035835625,0.551433949893906,-0.00598595060198158,0.197126385979817,NA,57
0.940625340500808,0.526724572598776,-0.126253947168954,-0.480298585724469,0.568790823393446,NA,57
0.529412911932456,0.905393209318558,0.512417214897899,-0.163347905622529,0.723218993979099,NA,57
0.563467851614573,0.0916553773416199,0.566247958516771,-1.21922090395131,-0.0485030196821871,NA,57
0.234843660009411,0.253760237145404,0.418357305886345,-1.36758600444597,-0.234828949963282,NA,57
-0.388967360976129,-0.271558532263125,0.126428543611714,-1.06514049837901,0.481132032370651,74.8105886625333,57
-0.16548494141419,0.00502847374893668,-0.249696244161885,-1.18827862233042,0.875979878217062,NA,58
-0.490799274662982,0.0824634116323566,-0.284373897255666,-0.172892621994257,0.846296321375928,NA,58
-0.388011352577495,-0.358124700704704,0.0587714661765598,-0.286723388035957,0.450844713826857,NA,58
-0.840930542856094,-0.603422478591966,0.241703653089269,0.605714389427316,0.399443456590476,NA,58
-0.942620790669538,-1.2074397386335,0.119109965065583,0.63435596505271,-0.37679392564528,NA,58
-0.889698629356029,-0.69346473466759,-0.355889262252854,0.889372571965223,-0.190944347553136,NA,58
-0.559544350767129,-0.456921408103981,-0.550679685973735,0.964605083817201,-0.441797360082371,NA,58
-0.461213035718309,-0.65100459715107,-0.757319664127631,-0.0888133962127604,-0.499787340273879,NA,58
-0.507362943322471,-0.684676166540074,-0.576351964859099,0.0490715211845902,-1.10693865921808,2.30703244636366,58
-1.25794215946911,-0.785138420818798,-0.62953794238012,0.0626328872586676,-0.751515593969464,NA,59
-1.03233575999746,-0.934886882537676,-1.48357058056704,-0.734909695410881,-0.554900293405485,NA,59
-1.38735727298857,-0.931510006192043,-1.25701172277474,-0.879334243339531,-0.559694433842986,NA,59
-1.12113491006475,-0.404923582580475,-1.45010119429985,-0.713259105889687,-0.614385917016894,NA,59
-1.19167930144209,-0.03244702935926,-1.79765492672259,0.00712195050685904,-0.36720964730186,NA,59
-1.42069754345602,0.78293720431011,-1.49576398572716,0.399466270596832,-0.520065434814861,15.3459687547653,59
-0.781616093918956,0.692722225015056,-1.40943554456137,0.200478299696049,-0.623045955813229,NA,60
-1.24913538690649,0.141356197776382,-1.25632382703295,0.208588940461016,-0.647189927284868,NA,60
-1.31386101661502,0.473025609283318,-1.338160929182,0.364100385462784,-0.706957661883806,NA,60
-0.702844444625976,0.445340094310469,-1.13148196156981,0.15437922354149,-0.746021860443167,10.6650398108618,60
-0.262866209848322,0.432830818680527,-1.20531367269734,-0.696069362703586,-0.417766637424674,NA,61
0.247980368745299,0.31686233048167,-1.61990281371765,-0.485046313769948,-0.219392362728224,NA,61
0.330852225464605,0.481342859232602,-1.92278887997044,-0.3503979633358,0.114976951280323,NA,61
0.800898489849913,0.463080269609584,-2.26627652720517,-0.851512574500469,0.190891912078938,NA,61
1.20667692619001,-0.0940613514870454,-2.24976028104672,-1.03230578725788,0.400656902807658,NA,61
0.76987378973008,0.208496039225776,-1.87490430317674,-0.437805987875527,0.232339421752953,NA,61
0.39457484265769,0.144255482013497,-1.46770549275203,-0.386030435456913,0.26201967926237,NA,61
0.386153125310197,0.0479730106453016,-1.00388840310959,0.0878137419188709,0.468998933772004,NA,61
-0.338972858312058,0.397165391185663,-0.948122689099028,-0.165286947262561,-0.5775137948809,NA,61
-0.776735340223529,-0.155250878271059,-0.701781883598119,-0.721790677367684,-0.399362736671364,NA,61
-0.424521055288242,-0.3833645112294,-0.118032515253188,-1.13851245024329,-0.285676806379021,NA,61
-0.286971554091392,0.484756198635099,-0.184149105346848,-0.397594432529659,0.220545500801773,NA,61
0.27055348142842,0.0138158976996488,-0.37928174391099,0.273005676597056,0.153094757005534,NA,61
0.0493156152120638,0.257062915599675,-0.436791259522544,1.14339856581237,0.704753665854462,4.81812230054963,61
-0.207547180555865,-0.610736993541703,-0.564060695471824,0.888097295761319,0.437775724242803,0.154126531485895,62
-0.29361698339643,-1.47964258868493,-0.86791390328545,0.937314867516121,0.349991877551814,NA,63
-0.205440975854766,-1.13181940227165,-0.835176293568661,1.04544036706079,-0.155956420405289,NA,63
-0.693157045704792,-1.24700858450981,-0.330666255188731,1.21223485639194,0.258960396340993,NA,63
-0.154312515238608,-1.7163200706695,-0.0693099823946375,0.558312006179227,0.352838342282373,2.79826921121608,63
0.101819511192311,-1.35862736238801,0.483807575055987,0.512651303900554,0.861894995882561,NA,64
-0.0240046132846957,-1.664199664854,-0.49962181450005,0.152478100022048,0.468657966267304,NA,64
0.235075943930449,-0.690076709765627,-0.678127394532147,0.30401247358276,-0.307865477202436,NA,64
-0.107631407506104,-0.858121188577069,0.291086918675721,0.0263491705830895,-0.584376864309153,NA,64
-0.177005276472367,-1.27651261609308,0.0514442995515961,-0.554179513013068,0.322651424855972,NA,64
-0.240549572891353,-1.15971021261022,-0.0312264423460045,-1.60509936553282,0.0717227118005846,NA,64
-0.899824437239366,-0.203525382153669,0.0394298693513814,-1.74403428597022,-0.126464192318672,NA,64
-1.17029594645238,-0.11928161024412,-0.0144976868067319,-1.37444785639028,0.304993513285712,NA,64
-0.914377254080496,-0.121665509872301,-0.0830214011395299,-1.31289254228904,0.423794863842184,NA,64
-0.128651577253546,0.611843299609124,0.227733869665225,-0.476092033946123,0.163021569180158,NA,64
-0.676924316383493,1.0111645947278,-0.414376854957101,0.4145086993063,0.617812847462378,NA,64
-0.0471057088183407,0.789891121041926,0.914781115817881,-0.978257517416535,0.833668585656715,NA,64
0.04614494163614,0.46665970566983,1.03162825753548,-2.08935601832389,0.36334866575215,NA,64
-0.326532755339302,0.941884612286251,1.10149631789843,-2.30163150824426,0.179722716600709,NA,64
0.119543263418865,1.24268845512132,1.39582269503705,-1.74796253296137,0.231724326247804,NA,64
-0.484019046250139,1.02435380646595,1.10202386318464,-1.88427345887368,0.0967151984682872,NA,64
-0.641667291613098,1.22263610740781,0.784950192941753,-1.19617551014333,0.371835196340747,NA,64
-0.369873128592345,1.25076230554653,1.79629770633082,-1.14327435698676,0.0798602086761589,NA,64
-1.41004595836476,1.18658123245643,1.93194213950448,-1.27100754380835,0.649875846777554,NA,64
-1.17237951898866,1.33905685998789,1.96589440688286,-0.868075391886303,0.538732349377254,NA,64
-1.28983555141281,0.453488361116534,1.55514017863179,-1.11888008817502,0.316124836241984,NA,64
-1.84927752219872,-0.0761696452041295,1.57882815629273,-0.583301313205138,-0.141009296109768,12.9861829931444,64
-1.83088313169907,-0.276400902623348,1.2040408966535,-0.364160414529179,-0.636419358341813,NA,65
-1.08412162148797,-0.375560119351008,1.5298170715243,-0.743653806196754,-0.654703568183081,NA,65
-0.468899271653217,-0.75223451548549,1.47648222097744,-0.940125408255918,-1.14418405487412,NA,65
-0.104297806550123,-0.598155323711835,1.50860830846147,-0.440636607839326,-0.260810188885926,NA,65
0.117588685317601,-0.490792196037516,1.21916947895883,-0.826246236207072,-0.251145346313669,NA,65
-0.243582517336896,-0.435116727262769,0.978428686631368,-0.917474205327826,0.239450583508342,NA,65
0.305321794143698,-0.112136743954204,0.879146985346953,-0.8099747351822,0.378785714734295,NA,65
0.159018636265724,-0.123777434512923,1.77338059940641,-0.469197839748988,-0.202814584904808,NA,65
0.633897516773706,0.727808365978074,1.94483922862131,-0.773654970689874,-0.121868301949498,NA,65
0.997413588999078,1.41480302363961,1.69959924336174,-0.569363413665269,-0.0868489822180745,NA,65
0.471968305712164,1.02788566292315,1.1811865862231,-0.669607821346039,0.502225876701347,NA,65
-0.315878659586917,1.02689304005721,1.00122439652509,-0.723599343241864,0.668973185212422,NA,65
-0.558478132946771,1.03137014078937,0.595136157594694,-0.0681496280742358,1.12386595180309,NA,65
-0.112556878773617,0.78594105369669,0.98910789703984,-0.290785136638652,0.874942968335239,NA,65
-0.851687327736565,0.782925547549103,0.346606250400759,0.572683981445593,1.08414235460608,NA,65
-1.00616963462771,0.195537402050695,0.517215232579711,0.295505899566204,1.12674837475741,NA,65
-0.943556472170571,0.272771676802484,0.790828749440532,-0.498132299716702,1.42340259511345,NA,65
-0.514367838799912,-0.0299186669910481,0.807988538508296,0.135342768039398,1.46029320818213,NA,65
-0.0455401001391382,-0.17788819025772,1.14415049667022,0.275869239721054,1.07608547732176,9.0235582727519,65
0.424178042955749,0.313978319919908,1.41580398441039,0.131708728930821,0.517599235625473,NA,66
0.899987598554322,0.605693528975699,0.769277056708173,0.299359705706294,0.872122310095176,NA,66
0.0448983561723677,0.360141299582378,1.11264616749197,0.972281850057362,1.53583860954692,NA,66
-0.783995289576441,-0.105829445274581,0.942293795503318,1.59383242529363,1.55041934870581,NA,66
-0.405727116257607,0.68298637614204,1.13220389946594,1.55169042432797,1.45299994001178,NA,66
-1.01118736504666,0.0814997467717737,0.731143728961039,1.30259513253006,1.38138721200625,NA,66
-0.835636525991407,0.488190402059151,0.572922398263956,1.29497204922363,1.90071277549292,NA,66
-1.25576520111656,-0.145349456052442,0.8134403869881,2.02057317957119,1.76603632217326,NA,66
-1.10334760037733,0.534278117502655,0.306673458169701,1.6251766943197,2.63934791678017,NA,66
-0.419084343134913,0.322548571053261,0.280846561774812,1.46982944580883,2.37677331307932,NA,66
-1.07089770927633,0.793781621151048,0.484660979133847,0.867305679895272,2.29535551727465,25.4304460830593,66
-0.44832235106466,0.22716987873975,1.22711936545997,0.960886590604521,2.7790521725413,NA,67
-0.670840433738005,-0.573244253923662,1.27013089692581,0.980873697216036,1.94927240904713,NA,67
-0.426317526280297,-0.507592947434543,1.77048070229869,1.0589070395392,1.94412276324659,NA,67
-1.59426018462948,0.448577449447898,1.59238969800407,1.41833855154909,0.887988499843765,NA,67
-1.76414983815854,0.63110146902496,0.859997969524097,2.10686353461502,1.06942826436596,0.000940235611984603,67
-1.58490620875773,-0.250550017845808,-0.10773112651819,1.46147681061752,1.19613278264193,NA,68
-1.41318550275265,0.00954004658337658,-0.30418439034258,1.48645600085075,0.993050941060954,2.53574666953216,68
-1.6131762841453,0.244553493273641,-0.166111884531406,1.65150530640686,0.738021685112173,NA,69
-1.56451140373503,-0.0123248257853525,-0.267251000070551,1.67894877991586,1.11302000032151,NA,69
-0.900316166115801,-0.873952086984709,-0.604906722781304,1.22092444932869,1.55498258656644,NA,69
-0.220026083323342,-0.616771451550182,-0.393015804890909,1.25257003577064,1.65528212950514,NA,69
-0.361235444323608,0.243688277757801,-0.38178991762614,1.68494888314288,1.35035698268706,3.83328906478297,69
-0.475597477768506,0.278779333225349,-0.147373165917653,0.847512128652285,1.11109643810363,NA,70
-0.241152273567229,0.162792945260023,-0.234808821329077,1.32342811895513,1.18593077257531,NA,70
0.0199451964029006,-0.20809071181495,-0.14106104277747,0.728019916594384,0.288949652401614,NA,70
-0.18009247272876,-0.154766848236443,1.07604814213734,0.802498325727457,0.63652213123619,NA,70
0.0282590907464891,-0.168741107041723,1.31834202540093,-0.19080564445664,0.467519352642195,NA,70
0.172790147709597,0.766655087770893,1.42712122144316,-0.183369090194449,0.747366544133094,NA,70
0.390858259441531,0.703252388638186,0.60340651341758,-1.11101756257004,0.21310720318285,NA,70
0.552592431393031,0.617529312849667,-0.141836321957549,-0.140990777657734,-0.39484486246802,NA,70
0.543843698852314,0.497367027334759,-0.689271042555522,-0.391967439756452,-0.259678164653194,NA,70
1.00911829516586,0.876585995830354,-0.655600098886269,0.272239299122176,-0.335746009829102,NA,70
0.64108298655311,1.11848526254638,-0.902968424917112,0.455993477536638,-1.16134502815346,NA,70
0.931048784658921,1.10158864467585,-0.411988994558389,0.643161797474907,-1.11781579867602,NA,70
0.964846785652683,0.590342732730243,-0.897936897798945,0.265711450274061,-0.760613650604077,NA,70
1.04974190123639,0.643082666835096,-0.25769093661633,0.10321787155048,-0.436283630321028,NA,70
1.53524192274286,0.633310222422342,-0.269394462696399,0.312032362493696,-0.312749920269948,NA,70
1.91826792565431,0.729267283302062,0.888597147801056,0.827831399270197,0.0356324733346149,NA,70
1.77540029619426,0.463080084912643,0.560841336049637,1.17048169128301,0.518998625093447,NA,70
1.66569553919839,0.687130959208494,0.178073376607701,1.13401377715788,0.0536226358651131,NA,70
1.25082156146593,0.169483837926057,0.85338882007419,0.901248231563158,0.128190323812643,NA,70
1.27748927622674,0.0364286274170602,0.783126556822913,0.586612221624643,0.97948085261416,NA,70
1.57172174545847,-0.332584466412331,0.769039903090573,0.393495233720719,1.76937685020156,NA,70
1.02001784029812,-0.536449679518256,0.213347964000663,0.215079761400046,1.38144266755813,NA,70
1.09965675090554,-1.08116281960723,1.10086816760462,0.0199749322702203,1.41382770505292,NA,70
0.575738815144405,-0.781979612207782,1.61758153298164,0.00604419861201508,1.26880706040102,NA,70
0.551449369376054,-0.682446370287071,1.30328008933609,0.0749952274160205,1.07673867098047,NA,70
0.659253391619797,-0.184505968784701,0.71485969988153,0.552195132803629,0.667021206061367,NA,70
1.14443542958184,-1.20774311208285,0.491153670600557,0.376710376334865,0.482849794839405,NA,70
1.14108362145119,-1.19257292839689,1.14904605427183,-0.0986349046820534,0.0734485353638653,NA,70
2.36195384186198,-2.09551232003711,0.881253060126521,0.546078427331586,0.0761910744420521,NA,70
2.05346433733073,-1.72765037300755,0.586703974027355,0.121919927158503,-0.198396615073354,NA,70
1.84472446669873,-1.24482830297358,0.69980002016743,0.604490776654444,0.086256704477107,NA,70
1.7461572443057,-0.825728144913942,1.28214756556095,0.84591242912389,-0.486863976910882,NA,70
1.81863361421234,-0.809024388088794,0.859743565829656,0.842561290356245,-0.287612904801209,NA,70
1.75304393369315,-0.295621501588328,0.631001402914944,1.15303153752155,-0.0405580211084243,210.549853447601,70
1.48735529171387,0.18037794174765,0.445467462791934,1.77773414928986,-0.342158520007197,NA,71
1.99865823480245,-0.0872151016307733,0.522422262068502,1.64690165519951,0.141046557677044,NA,71
1.30453655701007,0.771403032118364,0.0646852141952723,2.5561838061391,0.000710315065647533,NA,71
0.773702043617579,0.305624457731553,0.288288422554649,2.2274469402432,0.214116538193912,NA,71
0.804751782400666,0.251680601710571,0.817686179574466,1.69179501759645,1.58751550289483,NA,71
0.712562404812246,0.328960326178957,1.02712478853258,1.36297498691106,1.37135782657504,NA,71
0.0824431566066527,-0.0341309205652331,0.00609360047404485,1.43605061443787,1.755146366212,20.5666637414553,71
0.693244436514922,0.179272514615204,-0.374502445679091,1.57930275432628,1.5551287493785,NA,72
1.11058324753431,0.0996054702578079,0.435350613080216,1.50373941848482,1.45997330488141,NA,72
0.813941724429747,0.0858030413008639,-0.00455193323306515,1.0195076053967,1.18174143813585,NA,72
0.949559708717855,-0.698498128648021,-0.887645066252679,0.651079580155779,0.487214164152259,34.4402377189721,72
0.443183706824537,-1.39270154724895,-0.448087040746833,0.48261723943228,0.602989719410418,NA,73
1.79343553194146,-1.90899945451914,-0.38037321392075,-0.123659095798631,1.16133143198264,NA,73
2.43137724799278,-2.09432361498353,-0.899258219234433,-0.489605602994912,0.814920550472438,NA,73
2.35803139726208,-2.8821087723055,-0.805914917101324,-0.507639081918599,0.596762657991222,0.00204327777088199,73
1.60547648543551,-2.67199514523997,-0.489775664519858,-0.672079115452877,0.690517227588791,NA,74
1.23886167880518,-2.96262267708502,-0.533136697966232,-0.55888026308261,0.198045047212543,NA,74
1.193813284844,-3.53913355742792,-0.867040921724698,-0.848869739883095,0.530206008213072,NA,74
0.789250437176131,-2.41079974817998,-0.644757184452417,-0.638184649053422,0.193095590289779,NA,74
0.567534615685504,-1.4759060440168,-0.921895660616124,-0.502051510240185,-0.260073905344252,NA,74
0.80438563915783,-1.03933757342808,-0.983189787143036,0.108830802801402,-0.0909189476102472,NA,74
1.7324584715893,-1.17999678612663,-1.15698354027368,0.520037174793844,0.187281247722755,NA,74
1.00900176004173,-1.53787212624894,-1.80788145341862,0.173370951530918,-0.297456026334388,NA,74
1.28172594484239,-1.89909258511853,-2.09854182563188,0.406362920963266,0.204624632927661,1.28708990887659,74
1.32304091774865,-1.84599960464403,-1.87011220546397,0.452070829290684,0.312230324693945,NA,75
0.629997524076524,-2.10194984930588,-0.176531342152496,0.742637571040033,0.691496842355531,NA,75
0.226488912266259,-1.51046204770273,-0.470293042858938,1.31961916533218,0.835202487394036,NA,75
-0.0196422330940332,-2.10280196256457,-0.758222184770443,1.24237533841299,0.606455567029232,NA,75
0.154370291825241,-1.90738871299712,-0.315488805481178,0.515144351380647,0.0674315331826905,NA,75
0.386516873216656,-2.17625801956635,-0.0452432225268893,0.87223378932713,-0.151092484410196,NA,75
0.61676765972848,-1.91474584662284,-0.695864259220564,1.29104849771558,0.917994174298638,NA,75
-0.201971604428977,-1.49363775419312,-0.2697155528115,0.972940564132047,0.297652842992087,NA,75
-0.63381858534124,-1.87289577041423,0.430848305088403,0.467887972373786,0.804844393221697,NA,75
-0.864348665025158,-1.30037484587645,0.763271701980574,0.138004790823432,1.61645391722269,NA,75
-1.16461818612499,-1.05397837082516,0.222049508570537,1.08393887395391,1.7564219106499,NA,75
-1.08331319507509,-0.0287667337732985,0.309108262577588,0.397145559339737,1.13357802596043,NA,75
-1.30326162311414,0.689099067912487,-0.443680924094223,0.45557521854098,0.703365516632868,NA,75
-0.688369367962501,0.423635438788162,-0.891156494469703,0.92325619573149,0.851263210490105,NA,75
-0.756224619260392,1.2272712825487,-1.27537602176073,0.342456463264846,0.661768325764058,NA,75
-0.890400030844241,1.6721836975657,-1.0438605882645,0.752667187561358,0.55516931494262,NA,75
-0.585029924284345,1.83488261002026,-1.14627242056377,0.593033683948755,0.0405047822993324,NA,75
-0.0714659808987837,1.37677395822502,-1.01886394624264,0.400970449883008,0.212195618397153,NA,75
0.270367168636869,1.56452187153154,-1.17385005530116,0.551660312317372,-0.212306731648188,NA,75
0.298948601778766,0.957204346761887,-0.148188366945328,0.639151763183541,0.463707947655925,NA,75
0.497187664274549,0.495652711724562,0.0228100583130847,-0.401326637776378,1.03351684525775,NA,75
0.386796578735339,0.243102500887967,-0.254352687815959,-0.806031348969782,0.42945192853712,NA,75
0.610537414497303,0.432348951941699,-0.214453214945745,-1.36672283774489,0.329804209708821,NA,75
0.685964318253164,0.452995451181426,-0.111882486192484,-1.07970326885121,0.373375988684433,NA,75
-0.499111967438965,0.122991332016365,0.686193680731438,-0.811873486380863,0.343862864712472,14.0068784192503,75
-0.880205299527832,0.347103855399874,0.861652981304085,-1.30238525953056,-0.652570499269769,NA,76
-1.04559259152199,0.423880629432102,0.995087340891241,-0.642251585173759,-1.20733923300808,NA,76
-0.665614704142322,-0.322279945810625,1.35847242145019,-1.00945843193031,-1.49024242242516,NA,76
-0.600262601323951,0.332163089933559,1.07283133504636,-0.694087319605298,-1.23367733488295,NA,76
-0.25493822583751,0.718912397040804,0.903935356822647,-0.365665200709003,-0.676716365906463,NA,76
-0.832794553917376,-0.454641010040484,1.1415684502227,0.108776425884926,-1.02270561950878,NA,76
-0.81061248314164,-0.692021463149093,0.796517761744314,0.745208175355489,-0.986707487804869,NA,76
-0.620941523855806,-0.733234392037157,0.809357737168182,0.576828695260992,0.114383757892939,15.8753927049434,76
-0.86874364725681,-0.794151205482367,0.499383519955721,0.673891810196479,0.541657384532639,NA,77
-0.688826031986752,-1.08879416303506,-0.0312388277786137,0.11968115239972,-0.0495622098472727,NA,77
-0.989963140624787,-0.114017016972104,0.54706787397111,0.717725159609858,-0.639275459250191,NA,77
-0.182179211979554,-0.611431991433864,0.603873190226744,0.809507446536076,-0.139171919953119,NA,77
-0.3011104169852,-0.709848364871804,0.301492478044093,-0.00742949993268972,-0.346286341225581,NA,77
-0.295348043518462,-1.53002354811195,0.577240387606835,-0.0327658143113055,-0.134494280260671,NA,77
0.40300185260895,-1.36752028402948,0.485671050081151,0.0800984839677202,-0.350325401817453,NA,77
0.453352176396054,-1.85399392250212,0.748466270969226,-0.531952553778923,-0.383476346040077,NA,77
1.06050560500899,-1.83245541763435,1.10456385344677,-0.442282980274525,-0.383487065751675,NA,77
1.1219648640116,-1.63406881797002,0.260473917277018,-0.53712618953054,-1.21680969225277,NA,77
1.07842050557011,-1.7240323169589,-0.0463142783729187,-1.0279728608818,-0.578337588764436,NA,77
0.933353343321814,-1.43919629811318,0.0842422765167361,-0.861287157592682,-0.605149724298802,NA,77
1.28797538441985,-0.737562742136628,-0.36456258332986,-1.04056464248921,-0.883549275899781,NA,77
0.803818540417414,-0.237823985970695,-0.693334138699839,-0.738184979655177,-0.595687667002512,NA,77
0.431500305317421,0.0345549879855336,-0.508910770482026,0.141559975574901,-0.423163732813141,NA,77
0.526276449688657,0.222924835307421,0.314615550284896,-0.197334751425691,0.0235536647294806,2.77021879627624,77
0.393857199053857,0.418351851407573,0.538855963388981,0.576613510020195,-0.237981869508846,NA,78
-0.306895586023945,-0.655591594485473,0.610846420883505,0.0802306979538504,-0.275322020823574,NA,78
-0.519895092283836,-0.375277739120073,0.539759621035483,1.15424468528579,-0.187055579707713,NA,78
-0.0315292611132584,0.432207753433592,0.788925384319388,0.100045657910256,-0.605882004187007,NA,78
0.0599685756919565,0.683443491146869,0.719495958565786,-0.36356517875361,-0.0641083348104552,NA,78
0.194710449514956,0.501875553041399,0.81907434534084,-0.759825452078542,-0.469702336134239,NA,78
0.405288604998332,0.621051422143363,0.748288805315209,-0.713707350068813,-0.0379431137149489,NA,78
0.44188658414627,1.23574334055026,0.203372594775432,-0.352325654911276,-0.0725559128833891,NA,78
0.632015381425819,1.76338169375069,0.245516843815259,0.350356491250175,0.173738124204453,NA,78
0.137615843990599,1.40296140942205,-0.276846080788937,0.145578659173007,0.175896413921075,0.0929262612516536,78
-1.02500472154311,1.71859430260466,0.278759054746905,0.2556125377767,-0.264698427356321,0.105686067540251,79
-0.834234150371661,0.91133498442496,0.019112035027203,0.0978385653550268,-0.592007871408015,NA,80
0.174588460550652,1.27159290563181,0.72918672174172,0.310352141322005,-1.05822155996772,NA,80
0.0317697105054164,0.977206689443488,0.777123580294784,0.159628491170991,-0.970607986697347,NA,80
0.13879350342913,0.308463738967589,-0.264109258077891,-0.540358925856792,-0.673158376466299,NA,80
0.169491686129361,1.21968717218306,-0.732428023989323,-0.286952444944043,-0.871423476017416,NA,80
0.525452743132947,2.24772048355689,-0.553164147743245,-0.63450503304272,-0.355546227694123,22.3921961916409,80
0.114808682725892,1.65307610332285,-0.978267167345307,-1.02679568425171,-0.207059009534512,NA,81
-1.03303940546082,1.57204691642734,-0.815196177923851,-0.875575903541684,-0.775320636991327,8.24243783813315,81
-1.86273945486222,2.24936202747359,-0.386149995183791,-0.271049118564128,-1.08557887454845,NA,82
-1.8434404646508,1.77291317096679,-0.666899662061715,-0.346079952287191,-0.605589550604317,NA,82
-1.76278576844058,2.13450458548885,-0.792745078363118,-0.0861207788611934,-0.810381160347227,NA,82
-1.48037208536168,2.21885308757332,-0.743050350201989,-0.696174286473727,-1.26899291050932,NA,82
-1.722691943207,0.750949768026516,-0.808887210705164,-0.865851033871924,-1.63026940375261,NA,82
-1.09287554865044,0.655137073119335,-0.50582272059764,-0.18254734965958,-1.40715188604382,NA,82
-1.13955415122439,-0.0798649200251113,-0.452485844927157,-0.0907011525826366,-2.23725536772349,NA,82
-0.992895376471709,0.56764370948547,0.265070742076073,0.793465678231802,-1.79885960960258,NA,82
-0.18955554077166,-0.0153827856109018,0.0182035202018761,1.12111225716306,-1.41286675914228,NA,82
-0.0402147594180341,0.121881397363885,-0.0568720196923318,0.860893777671901,-1.58745805903604,NA,82
-0.192037475763458,0.436668425445498,0.378873727395117,0.358462078497113,-2.12750914500415,NA,82
0.426556892916156,0.613058538066597,0.955014203307015,0.426430531478513,-1.24920706663251,NA,82
1.17972197142806,0.850970726382084,1.20563383058354,0.19098826541098,-0.937585732638231,NA,82
0.755043803992145,0.821033763595671,1.07467792974525,0.333065379703404,-0.760434923240207,NA,82
0.251679983724942,0.623294724669603,1.00290595694561,0.309124881954299,-0.851819942209265,NA,82
0.202836831806734,0.714761234872355,1.13709300555527,0.169925092964989,-0.451069153895396,NA,82
1.07895423631764,0.689344073089343,0.924396184910853,0.441978453875212,-0.684612970913359,NA,82
1.07282964257918,0.536686222388707,0.34783235761193,0.33978424400835,-0.780019420708762,NA,82
1.11353486214272,0.3612616314462,0.169438423071459,0.172482067794617,-0.023549787365585,NA,82
1.97269014059657,-0.0338340481578081,-0.173232466698214,0.390095161008922,0.101542182857859,NA,82
2.28264942252625,-0.0726828817734519,0.163542586257906,0.854782374343735,0.511309585113596,NA,82
1.47884013070922,-0.104917762880575,0.609899089399419,0.857597007910239,-0.231042184941807,NA,82
1.47685191554758,-0.218317728558105,0.75926206221787,1.20021198253187,-0.587550926943947,NA,82
0.704421198405407,-0.364644038633315,0.265287947504496,0.859196724719679,-0.443318810498192,NA,82
1.05431772930568,-0.462106148698981,-0.0406291381809814,1.44653437742423,-1.15166193359295,NA,82
0.919806246446168,-0.269612354485243,-0.191910509220904,1.71780678787353,-1.2738722504554,69.7729064472969,82
0.546921561965797,-0.581800522015103,0.257970961175633,1.42725630443155,-1.00800317536877,NA,83
0.796316049955088,-0.258630417309358,0.638937402836758,0.802348859452249,-1.28177465051192,0.127633936973462,83
0.329637124303017,0.474343162206874,0.616973708185311,0.48632191543799,-1.66464785602746,NA,84
0.760642061764857,0.820140541564,0.563534341854395,0.441029543719179,-1.33961700352925,NA,84
0.642357982485299,1.82336717006206,0.530462407115745,0.203647226356061,-1.31718554079419,3.51030614612135,84
0.501653666190473,1.88892659552485,0.628540201028083,0.188005261838608,-1.138775112357,NA,85
-0.406015620007519,1.37411710793751,0.589236505088638,0.599426443255676,-1.14189443165632,24.5064091058708,85
-0.927423871486046,1.78315643042078,0.868802159213869,0.482778176204305,-0.92627133837292,NA,86
-1.51980729054071,1.6325727440202,0.735927087540287,0.998379477620307,-0.780417073021607,NA,86
-0.752287103860783,2.33914935987018,1.19708076251641,0.164985647800475,-0.821277483042163,NA,86
-1.07219444899421,2.56148794320675,1.64411979510682,0.330644926920717,-0.207470582666983,NA,86
-0.967324228000863,2.4543098093044,2.16457127842211,0.645112889893225,0.428497476739798,NA,86
-0.996696452262501,2.45430546767934,1.99661246969031,0.311949322674639,-0.116652215012756,NA,86
-1.11443171388957,2.19658858327261,1.76088882165813,-0.531182998987087,0.173495973915164,NA,86
-0.108032003614412,1.95437100891175,1.3899964633099,-0.835785285725236,0.0424298634069808,NA,86
0.0354798223400378,2.00762155559533,1.15872767403615,-1.09665830872242,-0.602453897192948,15.7262283475429,86
0.584092207946278,2.6483403241575,0.155791754585357,-1.11430888903951,-0.3008099874185,NA,87
0.768277696772342,2.77573159966734,-0.191777426523211,-1.43598922619538,-0.98543212390145,NA,87
0.465056175498141,3.29036436429044,-0.246124494488805,-0.977330230536577,-0.970997934062695,NA,87
0.873271161731199,2.98139175319898,-0.693806069745324,-0.947591099461285,-0.745652978492616,NA,87
0.68144806076861,2.84568003416719,-0.892038748902571,-0.986908519639394,-0.726842050733168,NA,87
0.959259207802193,2.88397883279885,-1.15668118929321,-1.1116143954657,-0.290600794774333,NA,87
0.0242770103230621,2.69767702582591,-1.51900804191997,-1.03882889701585,-0.46095971742065,NA,87
0.251430888507973,2.33567103416,-1.65729753949619,-0.178947355834603,-0.916895468096753,NA,87
0.934346476055698,2.76016379669948,-1.88506607681316,0.305532493309553,-0.894000328942975,NA,87
0.703040757762359,1.95201610921661,-1.38666077178651,0.0144138101583287,-0.505744844146112,NA,87
0.353195883222734,2.1524136961486,-1.68460714852458,-0.342152142860323,0.163929129282995,NA,87
0.58208721968651,1.54675439610479,-1.17971933032777,-0.958775398869953,0.53288434886488,NA,87
0.23416883486796,1.7224406102452,-0.73840661326629,-0.890885430332952,0.149342232643679,NA,87
-0.47423170322592,1.48598683534731,-0.144981978581611,-0.730596544796363,-0.155606710084116,NA,87
-0.0565126447750265,1.55940560172076,-0.751521236141026,-0.984703099919698,0.0836581654872596,NA,87
-0.849971880118204,1.03665698879219,-0.978519957126551,-0.938463257005694,-0.0080482473001728,NA,87
-0.713133568896505,0.876690956512282,-1.54423522065245,-0.652470371041989,-0.321196650415202,NA,87
-0.261162681391978,0.410792601595487,-1.42724374087954,-1.09682478415573,0.247451668685661,NA,87
-0.289019406287924,0.987189206917675,-1.52287175698262,-1.1221402250174,0.510863995142741,103.171038953404,87
0.425211822501907,1.12139482660926,-0.939161578168512,-1.5281270949768,0.733034137403289,NA,88
0.823285737863134,1.1431752181688,-0.546143935818535,-2.07011795598057,0.294193799287994,NA,88
0.447250009157316,1.1985757214763,-0.446103868883413,-2.31212639734541,0.266818374683713,2.7154906050955,88
0.538647093962582,1.73000030499415,-0.380868017982993,-2.2265382993165,0.30189406200596,NA,89
0.405733917948281,2.50274644916624,-0.711282427764386,-1.82206604499686,0.605988663612767,NA,89
0.65954347996248,2.06119296671735,0.193664214321856,-2.01535483758058,-0.319240016616391,NA,89
0.747195698962477,2.23525136981798,-0.107288461057582,-2.06548907312128,-0.320868244667037,31.5714597112502,89
0.65689305896011,2.01888013622005,-0.692430910338907,-2.76387986753106,-1.41170012143088,NA,90
0.909983718931619,1.95007009207968,-0.397661224148015,-2.24194724376523,-1.59654610128778,NA,90
1.35561120938262,1.69467009790379,-0.57305078111216,-2.24038184212147,-1.20943672521668,NA,90
1.24065300801572,1.57340603043617,-0.688419738496051,-1.7312136854084,-1.08896992685089,NA,90
1.08794212550291,1.85582231036336,-1.39355573938637,-1.25709393529858,-0.318500334544392,NA,90
0.38762522982636,1.91235878135224,-1.25577786226901,-1.08463996948683,0.210746687552397,NA,90
0.0573736408301483,1.59234741337296,-0.616534049784475,-1.06787316220159,0.0245713091910904,NA,90
0.0315017069957315,1.28065424573923,-0.805491793295556,-0.987973952277378,-0.0241029695525112,NA,90
0.711404715106736,1.40027919679721,-0.814333242764746,-1.32797848446378,-0.668300159657245,NA,90
0.533369504818555,1.00214272767598,-0.232229965017633,-1.18447657992142,-0.702173279547871,NA,90
0.912389095408023,0.202295394388295,0.347152423981345,-0.645216861168766,-1.21604050158139,168.187748418538,90
0.730592781171952,0.431326028429734,-0.441978820236058,-0.6496554298366,-1.51664959424599,NA,91
-0.204652437687693,-0.393435318434953,-0.945498534493584,-1.04460515547375,-2.15883965817331,NA,91
0.201927840445725,-0.194860907197371,-1.36907406079059,-0.311874115669953,-2.56279779507855,NA,91
0.227865598441382,-0.0602171617443006,-1.20612333908254,-0.878701536479927,-2.41906079684231,NA,91
0.205165543360355,-0.0195931093198903,-1.06533646829469,-1.69262283820165,-2.6512378777404,NA,91
0.746877322466593,0.489529560442138,-0.53886140954478,-1.57938040283225,-2.33430210687349,NA,91
1.20093401839147,0.224647797484615,0.102718301194804,-1.35859053005208,-2.06399041773038,NA,91
1.14466713603798,-0.466895835907488,0.226903021832826,-1.63226412293243,-2.09090160877403,NA,91
1.51254050584191,0.327104378588904,-0.241030022924807,-1.35741216862194,-0.978166347393445,NA,91
1.52079303977577,-0.486823142798123,-0.307494490024552,-1.07600662767259,-1.19990627057326,NA,91
1.29405979007464,-0.389300570999536,-0.503187995216823,-0.82338697724529,-0.930713301035511,NA,91
1.29131200865286,-0.762416714374179,0.0596208453569275,-1.06566050393173,-1.29058143090558,NA,91
1.50822402708289,-1.01599870759082,-0.325678711846241,-0.699801918104909,-1.05696084146551,NA,91
1.56453969308075,-1.35784006927482,0.61456572079672,-1.49368512788922,-0.822632324799977,NA,91
1.20926587393886,-1.76297080065705,0.933756281579881,-0.908356755999731,-0.341200979847041,NA,91
1.34223373555841,-1.91158897234418,0.377754094640992,-0.967833404501743,-0.6556094414842,NA,91
1.55557854926134,-1.77761632454926,-0.119552622469402,-1.49626474220018,-0.500307883741147,NA,91
1.761301813328,-1.26895668721762,0.123808495418805,-1.50464578886772,-0.708627575235216,NA,91
1.8088553700395,-1.01309288045593,0.206616632500152,-1.09886192566083,-0.356250865447131,NA,91
1.7118875722556,-1.15902394313412,0.395902029605023,-1.65988474380768,0.4714651782517,NA,91
1.87729687218492,-0.588245395849502,-0.0894628788539128,-1.7472663492892,1.38421209064087,NA,91
2.54362178542277,-0.953263110059375,-0.0117689747103711,-1.47660084730269,1.56101518417043,NA,91
3.10390480498545,-1.01430027376188,-0.01504629840149,-2.17379242650919,0.806713565893519,NA,91
2.39545706741994,-0.991776165815485,-0.175718662913106,-1.47665820541086,0.910273686219633,NA,91
2.56375523005292,-0.630469543244159,0.240036195122092,-1.52031461406929,1.25865417938684,NA,91
2.24055564678042,-0.594768873263367,0.811749579557087,-1.56892104904366,0.694220014949594,NA,91
1.9731802728104,-0.545729672410715,0.539925366343565,-1.58577558725149,0.544673823725435,NA,91
1.69276709741286,-0.783197410462859,-0.268719015212939,-1.32381211945576,0.628503026994095,NA,91
0.423615850901999,0.00603728223416845,-0.465800123758471,-1.67921479517786,0.196049840716534,NA,91
0.601097389859637,0.0358053184994915,0.253935053991295,-0.880768341932502,0.124005511127872,NA,91
0.163271997409767,0.545573840314843,1.05520572509703,-0.638383651902048,0.44598967153509,NA,91
-0.104292153506239,0.428449778876739,0.667566665917014,-0.680524615703057,0.227632416483276,NA,91
0.231480351450238,0.435915711485827,0.930688730832307,-0.811123317068814,0.400376165492724,NA,91
-0.0552247421499553,0.385787576177048,0.461862872735301,-0.542437903024366,0.354414020275903,NA,91
-0.536658118034257,-0.00686879550248479,0.692338668649178,-0.167136376996735,0.611058840443948,27.6027189110708,91
-0.624991192117568,0.217097341594527,0.42615051875777,0.514274534359432,0.622774529935237,NA,92
-0.703010386346149,0.328480794435845,0.328762775196938,0.862843764796813,1.13737703361078,NA,92
-0.957755051092161,0.223623254798417,-0.860345127189796,-0.135172861981348,0.526228066860602,NA,92
-0.514795526185332,0.0312605101080248,-0.522530289324858,0.186849661082938,0.233293888701194,NA,92
-0.500447437676128,-0.836810745716133,-0.770700297993237,0.347521255445553,0.873139203454542,NA,92
-0.682860540090837,-0.755585592919069,-0.237778881699639,0.0595905278722161,0.720357081567613,7.70844731816139,92
-0.672014561260708,-1.32619463935218,-0.0110532805223703,-0.0206768542545883,0.821608473637276,3.97944762621345e-08,93
-1.02657886594614,-1.72169571753495,0.84459379956054,-0.371031576808861,0.739401982005037,NA,94
-0.930664687436951,-1.3716449883138,0.916692799723267,0.437946317018539,0.683664335061569,NA,94
-0.534943141129504,-0.829301376498651,1.40952092188378,-0.166475202004817,0.55288696247423,NA,94
-0.71203594428883,-1.00020661699532,1.38842572038711,-0.336370449395324,-0.435679927382234,NA,94
-0.564817178714623,-0.602577281632126,0.875105449012773,0.117068480665805,-0.610856898256726,NA,94
-1.34323685145865,-0.444742212941902,0.708138115824966,-0.561061727746663,0.107932127109381,NA,94
-0.214205214460881,0.261280300516158,0.815615968827659,-0.135177991754254,-0.136238547158995,NA,94
-0.710125562675364,-0.714823226563815,-0.196219654488093,0.285089842989485,0.567760909326972,NA,94
-1.18509156284984,-0.846646290644546,0.602404355657397,-0.0227447351750171,0.422789536568477,12.6084997998925,94
-0.274149983289356,-0.12393725615817,1.01039997350899,-0.707625930125573,0.240809853760122,NA,95
-0.37261718316234,-0.466987425517615,1.08869407830622,-0.182994031030973,-0.310367232227156,NA,95
-0.58628664817335,-0.501818840361818,0.738355434805734,0.114196857544817,-0.264130583390788,NA,95
-0.673484152306141,0.159004550219885,-0.0490710978743617,-0.0478688798459061,-0.732024231313509,NA,95
-0.953845732883974,-0.356311821594051,-0.178727770882341,-0.099306314637404,-0.540930954747461,NA,95
-0.468608537845341,-0.529541707481752,-0.853952464322389,-0.119614589220813,-0.615544467009706,NA,95
-1.08436340254032,-0.6803197721772,-1.73390917197965,-0.060284809557172,-0.604426415355526,NA,95
-1.21547240571559,-1.59755342664033,-0.749981475531697,0.0250934423986475,-0.852067537177652,NA,95
-0.574402868286914,-1.31830641474805,-0.356528858519186,-0.359829667505504,-0.88388262006015,NA,95
-0.861749610807647,-1.7985769475156,-0.352597324398415,-0.575943186862856,-0.721798728914903,14.7876850585903,95
-0.980972874922215,-2.02024126343559,-0.81653738960644,-0.603986390313992,0.138541106081212,NA,96
-0.780389523766513,-2.04332034417366,-0.653242571404899,-0.720101830438825,-0.117737625650841,NA,96
-0.320244831500397,-2.75800882072703,-1.08684318506461,-0.738588317690404,-0.734955733827102,NA,96
-0.223564303475961,-2.62226448081083,-0.953410714415377,-1.08292027960751,-0.564900103269459,NA,96
0.358707492442255,-2.48642391294883,-0.449843003726585,-0.188350223750185,-0.720479229218702,NA,96
-0.417181774693606,-2.05664129595517,-0.144959402883594,-0.144576961068527,-0.247320373560314,NA,96
-0.492260946831268,-1.79769339588898,-1.15480549495254,-0.227875949029801,-1.22267888070732,NA,96
-0.825184475642853,-0.937874557718923,-0.870312242050405,0.148087033445148,-0.970626426455441,NA,96
-0.851020771304399,-0.557572123570198,-0.846971925436386,0.339243278817508,-0.617583144012293,NA,96
-1.2572883543541,-0.833708193110202,-0.665132968094022,-0.30590242089754,-1.18745952246427,NA,96
-0.875817498354837,-0.733149952253316,-0.580312052859355,-0.291208425748961,-1.07886461767157,NA,96
-0.93647082382272,-0.746754108763589,-1.06048972509312,-0.510900561081214,-1.33472337673035,NA,96
-0.838357242435697,0.253890180438181,-1.50633507091676,0.314131930900343,-2.16582761907667,NA,96
-0.665325112275271,0.592637026198978,-1.33759539973617,0.624024763004039,-1.3295340841495,NA,96
-0.867063176891945,0.371862452791091,-1.0319959948875,0.580163285745941,-1.33630629118827,0.632996522648103,96
-0.556475242043611,-0.562998623161469,-0.574423740505303,0.763627518431168,-1.57977487642256,NA,97
-0.144362836607294,-1.16996175215089,-0.208336334134855,1.39052446765646,-1.4263282918423,NA,97
0.247674282548308,-0.537792876255904,-0.638715485511131,1.32183282497893,-1.47402302930512,NA,97
0.150224966241316,-0.672287952945337,-0.482869130434891,1.31106085343358,-1.60370232316663,NA,97
0.196767849989247,-0.87733334795317,-0.24005766162933,1.84021457115091,-1.89722367178936,NA,97
-0.694694303681014,-0.862941606021298,-0.247221669932092,2.64872237789229,-2.01380687370989,NA,97
-1.32027306520171,-1.22431497447204,-1.05239653333852,1.8405127808451,-2.44459991170585,NA,97
-2.20893313323478,-1.53088098396056,-0.590048197393739,2.02731209463108,-2.42437018435827,NA,97
-2.59512489979441,-1.70715996129768,-0.276227160531158,1.98372092762206,-2.54735651806645,NA,97
-2.54238002154503,-1.28145587481843,0.585585517702983,2.24653744181133,-3.00770837682339,NA,97
-2.2551614529964,-0.641221028161808,0.724265150581401,1.94905033331184,-3.21078351113268,NA,97
-1.94334543247134,-0.881562468353174,0.857727507321076,1.81902016447383,-3.60797052252243,94.1208810305465,97
-1.39381227898073,-0.898053935451155,0.736986381982136,1.62799439264022,-2.82601280008254,4.88866360670543,98
-0.558519469996157,-1.28176598855791,0.62223025005506,1.73902837303736,-2.51697821669987,NA,99
-0.731604369230441,-1.54007683395393,0.261961561080828,1.21003475830907,-2.21799990780851,NA,99
-0.967701902646003,-0.435748973716375,0.245812699219022,1.82283117373201,-2.00110795336792,NA,99
-0.956955268692337,0.270579528483058,0.753012771959588,1.86995895565384,-1.59518815248024,NA,99
-1.48922019741462,-0.835844484470706,0.747450838361928,1.4478884418748,-1.52328548201425,NA,99
-0.889989318649156,-0.947734792667731,0.114092075330204,0.653114884422385,-1.0334069458957,38.2802827208665,99
-0.719031398175374,-0.282400265602787,0.159770959710833,1.20857684118191,-1.73813157952343,NA,100
-0.678137730676361,0.0331741051932349,0.510947078742603,1.21182332850629,-1.09104492357616,NA,100
-0.441506370098701,-0.151909953709899,-0.402945490232433,1.45816207031235,-1.04835226655807,0.70191300531519,100
-0.517240605525438,-0.0296081703750326,0.10065979569487,1.5350722819962,-0.922615356616692,NA,101
0.113281690655249,0.309458294695781,-0.600834525984255,1.06404180620447,-0.981731292690391,NA,101
-0.0098538618052475,-0.00607115128320929,-1.05501921319461,0.395477880980167,-1.27845835543565,NA,101
0.442533569850545,0.807229731005014,-0.960649321674794,0.819476028317116,-1.61884002490246,NA,101
0.666175741190298,0.583996791858825,-0.097655608516382,1.08258843987476,-1.37319790145986,NA,101
0.950294304430925,1.42261765799182,-0.487544228933634,1.04560059286978,-1.31756481937982,NA,101
0.798849919304118,1.77537126973098,0.410658473264794,1.20660574099961,-1.31997826620051,NA,101
0.578625523372157,1.72907677845723,0.810450319103083,0.806502508085223,-0.976893908839997,NA,101
-0.729059968410197,1.61847248925656,0.626625851934035,0.522483898268435,-0.263372874019083,NA,101
-0.976926688463664,1.35643397669194,-0.0217852658384469,0.273547900281037,-0.0524818802570877,NA,101
-1.4028676808904,0.969919142499267,-0.0898062231871013,0.428704103721834,-0.0656882732264773,NA,101
-0.745175318762563,1.00589140964525,-0.550792829928099,0.402968052462295,0.0818355418272631,NA,101
-0.665496602681113,0.5168333249269,-0.216864905547595,0.141900705114319,0.482599832437795,NA,101
-0.6567919,0.1259621,-0.8368636,0.5404789,-0.005079969,12.0037043830907,101
